module,constant_index,count,varnames
__main__,236,1,__class__
__main__,237,6,"self, app_id, e, icon_path, icon, config_dir"
__main__,238,3,"self, is_valid, message"
__main__,241,3,"self, reason, activated"
__main__,244,4,"self, reason, fishing_tab, fishing_bot"
__main__,246,4,"self, exit_code, e, msg_box"
__main__,247,13,"self, reason, telegram_settings, enabled, bot_token, chat_id, admin_ids_str, requests, message, url, payload, response, e"
__main__,248,5,"self, expired_message, msg_box, dialog, result"
__parents_main__,243,1,__class__
__parents_main__,244,6,"self, app_id, e, icon_path, icon, config_dir"
__parents_main__,245,8,"sys, builtins, multiprocessing, kwds, args, arg, name, value"
__parents_main__,246,3,"self, is_valid, message"
__parents_main__,249,3,"self, reason, activated"
__parents_main__,252,4,"self, reason, fishing_tab, fishing_bot"
__parents_main__,254,4,"self, exit_code, e, msg_box"
__parents_main__,255,13,"self, reason, telegram_settings, enabled, bot_token, chat_id, admin_ids_str, requests, message, url, payload, response, e"
__parents_main__,256,5,"self, expired_message, msg_box, dialog, result"
config_manager,62,2,"self, config_dir"
config_manager,63,3,"self, settings, fish_settings"
config_manager,64,3,"self, settings, garbage_settings"
config_manager,65,6,"self, default_settings, f, settings, merged, e"
config_manager,66,5,"self, settings, clean_settings, f, e"
config_manager,67,4,"self, settings, f, e"
license.activation_dialog,232,2,".0, c"
license.activation_dialog,233,3,".0, i, cleaned"
license.activation_dialog,234,2,"self, key"
license.activation_dialog,235,2,"key, self"
license.activation_dialog,236,1,self
license.activation_dialog,238,1,__class__
license.activation_dialog,239,4,"self, license_client, parent, __class__"
license.activation_dialog,240,5,"self, key, success, message, e"
license.activation_dialog,241,5,"self, text, cleaned, formatted, cursor_pos"
license.activation_dialog,242,2,"self, url"
license.activation_dialog,243,6,"self, message, status_type, color, html, scrollbar"
license.activation_dialog,244,20,"self, main_layout, title_label, subtitle_label, hwid_card, hwid_layout, hwid, hwid_title, hwid_value, key_label, button_layout, links_card, links_layout, links_title, tg_layout, tg_label, tg_link, fp_layout, fp_label, fp_link"
license.license_client,275,1,__class__
license.license_client,276,2,"self, config_dir"
license.license_client,277,4,"self, is_valid, message, e"
license.license_client,278,7,"self, expires_at_str, expires_at, now, now_naive, is_valid, e"
license.license_client,279,2,"self, encrypted_data"
license.license_client,280,2,"self, e"
license.license_client,281,2,"self, data"
license.license_client,282,3,"self, reason, e"
license.license_client,283,7,"self, f, encrypted, json_data, data, e, traceback"
license.license_client,284,6,"self, license_data, json_data, encrypted, f, e"
license.license_client,285,9,"self, license_key, url, data, response, result, expires_str, detail, e"
license.license_client,286,1,self
license.license_client,287,2,"self, expiration_callback"
license.license_client,288,9,"self, url, data, response, result, detail, user_msg, frozen_msg, e"
telegram.bot_manager,105,1,__class__
telegram.bot_manager,106,4,"self, token, admin_ids, log_callback"
telegram.bot_manager,107,2,"self, message"
telegram.bot_manager,109,4,"self, notification_manager, _network_error_handler, e"
telegram.bot_manager,110,2,"self, e"
telegram.bot_manager,111,1,self
telegram.notification_manager,132,1,__class__
telegram.notification_manager,133,1,self
telegram.notification_manager,134,4,"self, notification_type, settings, notifications"
telegram.notification_manager,135,5,"self, text, photo, admin_id, e"
telegram.notification_manager,136,4,"self, coro, running_loop, e"
telegram.notification_manager,137,3,"self, bot, admin_ids"
telegram.notification_manager,138,2,"self, text"
telegram.notification_manager,139,6,"self, fish_name, screenshot_bytes, fish_name_ru, text, photo"
telegram.notification_manager,140,4,"self, screenshot_bytes, text, photo"
telegram.notification_manager,141,4,"self, fish_count, shutdown_pending, text"
ui.fish_settings_dialog,167,1,__class__
ui.fish_settings_dialog,168,14,"self, fish_name, fish_display_name, image_path, parent, layout, image_label, pixmap, scaled_pixmap, name_label, toggle_layout, release_label, keep_label, __class__"
ui.fish_settings_dialog,169,3,"self, parent, __class__"
ui.fish_settings_dialog,170,2,"self, card"
ui.fish_settings_dialog,171,4,"self, settings, fish_name, card"
ui.fish_settings_dialog,172,13,"self, layout, title, desc, quick_actions, select_all_btn, deselect_all_btn, scroll, scroll_widget, grid_layout, buttons_layout, cancel_btn, save_btn"
ui.fish_settings_dialog,173,1,self
ui.fish_settings_dialog,174,12,"self, grid_layout, fish_images_dir, fish_list, row, col, max_cols, fish_name, fish_display_name, fish_filename, image_path, card"
ui.fish_settings_dialog,175,3,"self, config, fish_settings"
ui.fish_settings_dialog,176,3,"self, fish_settings, config"
ui.fish_settings_dialog,177,2,"self, keep"
ui.fish_settings_dialog,178,4,"self, settings, fish_name, keep"
ui.fishing_tab,306,1,self
ui.fishing_tab,308,1,__class__
ui.fishing_tab,309,4,"self, fishing_bot, parent, __class__"
ui.fishing_tab,310,5,"self, parent, FishingBot, set_fishing_bot, __class__"
ui.fishing_tab,311,14,"self, settings, hotkey, listener_exists, has_is_alive, is_alive, is_running, has_callback, has_hotkey, listener_healthy, time, current_time, e, traceback"
ui.fishing_tab,312,5,"self, is_alive, e, new_is_alive, traceback"
ui.fishing_tab,313,5,"self, current_key, dialog, new_key, settings"
ui.fishing_tab,314,5,"self, current_hotkey, dialog, new_hotkey, settings"
ui.fishing_tab,315,3,"self, event, __class__"
ui.fishing_tab,316,8,"self, title, description, layout, text_layout, title_label, desc_label, toggle"
ui.fishing_tab,317,17,"self, main_layout, scroll, scroll_widget, scroll_layout, font, main_title, bait_layout, fish_settings_btn, garbage_settings_btn, meal_layout, backpack_layout, trunk_layout, shutdown_layout, hotkey_title, hotkey_btn, discard_key_btn"
ui.fishing_tab,318,3,"self, settings, discard_key"
ui.fishing_tab,319,3,"self, FishSettingsDialog, dialog"
ui.fishing_tab,320,3,"self, GarbageSettingsDialog, dialog"
ui.fishing_tab,321,3,"self, settings, current_config"
ui.fishing_tab,322,2,"self, settings"
ui.fishing_tab,323,3,"self, settings, hotkey"
ui.fishing_tab,324,5,"self, initial_state, main_window, WindowActivator, e"
ui.garbage_settings_dialog,169,1,__class__
ui.garbage_settings_dialog,170,14,"self, garbage_name, garbage_display_name, image_path, parent, layout, image_label, pixmap, scaled_pixmap, name_label, toggle_layout, keep_label, eject_label, __class__"
ui.garbage_settings_dialog,171,3,"self, parent, __class__"
ui.garbage_settings_dialog,172,2,"self, card"
ui.garbage_settings_dialog,173,4,"self, settings, garbage_name, card"
ui.garbage_settings_dialog,174,13,"self, layout, title, desc, quick_actions, select_all_btn, deselect_all_btn, scroll, scroll_widget, grid_layout, buttons_layout, cancel_btn, save_btn"
ui.garbage_settings_dialog,175,1,self
ui.garbage_settings_dialog,176,12,"self, grid_layout, garbage_images_dir, garbage_list, row, col, max_cols, garbage_name, garbage_display_name, garbage_filename, image_path, card"
ui.garbage_settings_dialog,177,3,"self, config, garbage_settings"
ui.garbage_settings_dialog,178,3,"self, garbage_settings, config"
ui.garbage_settings_dialog,179,2,"self, eject"
ui.garbage_settings_dialog,180,4,"self, settings, garbage_name, eject"
ui.home_tab,287,1,self
ui.home_tab,289,1,__class__
ui.home_tab,290,4,"self, license_client, parent, __class__"
ui.home_tab,291,5,"self, text, re, url_pattern, html"
ui.home_tab,292,5,"self, title, card, card_layout, title_label"
ui.home_tab,293,6,"self, label_text, value_text, layout, label, value"
ui.home_tab,294,2,"self, url"
ui.home_tab,295,9,"self, promocode, requests, LicenseClient, response, data, message, error, e"
ui.home_tab,296,24,"self, main_layout, scroll, scroll_content, scroll_layout, server_info_card, server_info_layout, promo_card, promo_layout, promo_input_layout, license_card, license_layout, status_row, expires_row, remaining_row, key_row, links_card, links_layout, tg_layout, tg_icon, tg_link, fp_layout, fp_icon, fp_link"
ui.home_tab,297,10,"self, requests, LicenseClient, url, response, data, info_text, html_text, error_msg, e"
ui.home_tab,298,15,"self, license_data, expires_at, expires_dt, local_dt, formatted_date, now, remaining, days, hours, minutes, remaining_text, e, key, masked_key"
ui.hotkey_dialog,151,1,__class__
ui.hotkey_dialog,152,5,"self, current_hotkey, parent, title, __class__"
ui.hotkey_dialog,153,3,"self, event, __class__"
ui.hotkey_dialog,154,7,"self, keys, modifiers, regular_keys, key, key_name, parts"
ui.hotkey_dialog,155,1,self
ui.hotkey_dialog,156,4,"self, key, name, special"
ui.hotkey_dialog,157,8,"self, layout, title, font, current, instructions, line, cancel_btn"
ui.hotkey_dialog,158,3,"self, key, e"
ui.hotkey_dialog,159,2,"self, display_text"
ui.hotkey_listener,94,3,".0, vk, self"
ui.hotkey_listener,96,1,self
ui.hotkey_listener,97,2,"self, key"
ui.hotkey_listener,98,2,"self, vk"
ui.hotkey_listener,99,6,"self, hotkey_string, vks, part, key, vk"
ui.hotkey_listener,100,8,"self, vk_codes, callback, hotkey_name, triggered, all_down, e, traceback"
ui.hotkey_listener,101,3,"self, hotkey_string, callback"
ui.ios_toggle,101,1,__class__
ui.ios_toggle,102,5,"self, parent, small, tiny, __class__"
ui.ios_toggle,103,1,self
ui.ios_toggle,104,2,"self, pos"
ui.ios_toggle,105,2,"self, value"
ui.ios_toggle,106,4,"self, event, painter, circle_y"
ui.main_window,187,1,self
ui.main_window,189,1,__class__
ui.main_window,190,8,"self, license_client, current_app, app_icon, candidates, icon_path, icon, __class__"
ui.main_window,191,3,"self, parent, __class__"
ui.main_window,192,4,"self, text, btn, font"
ui.main_window,193,2,"self, value"
ui.main_window,194,9,"self, central_widget, main_layout, sidebar, sidebar_layout, title_label, info_label, content_area, content_layout"
ui.main_window,195,4,"self, index, i, btn"
ui.main_window,196,2,"self, blur_radius"
ui.telegram_tab,164,1,__class__
ui.telegram_tab,165,3,"self, fishing_tab, __class__"
ui.telegram_tab,166,2,"self, settings"
ui.telegram_tab,167,2,"self, event"
ui.telegram_tab,168,19,"self, main_layout, scroll, scroll_widget, scroll_layout, title, title_font, instruction_frame, instruction_layout, instr_title, instr_title_font, instruction_text, settings_frame, settings_layout, token_label, token_label_font, ids_label, ids_label_font, ids_hint"
ui.telegram_tab,169,2,"self, message"
ui.telegram_tab,170,5,"self, token, admin_ids_str, admin_ids, fishing_bot"
ui.telegram_tab,171,1,self
workers.fishing.casting_a_fishing_rod,216,1,__class__
workers.fishing.casting_a_fishing_rod,217,2,"self, roi"
workers.fishing.casting_a_fishing_rod,218,2,"self, process_name"
workers.fishing.casting_a_fishing_rod,219,9,"self, frame, x, y, w, h, region, hsv, mask"
workers.fishing.casting_a_fishing_rod,220,10,"self, frame, region, hsv, mask, coords, rx, ry, rw, rh"
workers.fishing.casting_a_fishing_rod,221,6,"hwnd, hwnds, _, pid, process, self"
workers.fishing.casting_a_fishing_rod,222,1,self
workers.fishing.casting_a_fishing_rod,223,15,"self, left, top, right, bottom, width, height, hwndDC, mfcDC, saveDC, saveBitMap, bmpinfo, bmpstr, img, e"
workers.fishing.casting_a_fishing_rod,224,11,"self, frame, now, remaining, count, bbox, bx, by, bw, bh, elapsed"
workers.fishing.casting_a_fishing_rod,225,2,"self, frame"
workers.fishing.casting_a_fishing_rod,227,5,"self, callback, hwnds, hwnd, title"
workers.fishing.casting_a_fishing_rod,228,5,"self, left, top, right, bottom"
workers.fishing.fish_recognition,181,1,__class__
workers.fishing.fish_recognition,182,1,self
workers.fishing.fish_recognition,183,2,"self, process_name"
workers.fishing.fish_recognition,184,6,"hwnd, hwnds, _, pid, process, self"
workers.fishing.fish_recognition,185,15,"self, left, top, right, bottom, width, height, hwndDC, mfcDC, saveDC, saveBitMap, bmpinfo, bmpstr, img, e"
workers.fishing.fish_recognition,186,14,"self, screenshot, template, roi, search_area, result, min_val, max_val, min_loc, max_loc, h, w, center_x, center_y"
workers.fishing.fish_recognition,187,5,"self, callback, hwnds, hwnd, title"
workers.fishing.fish_recognition,188,5,"self, left, top, right, bottom"
workers.fishing.fish_recognition,189,3,"self, width, height"
workers.fishing.fish_recognition,190,5,"self, template_path, fish_count, file_path, template"
workers.fishing.fish_recognition,192,9,"self, screenshot, best_match, best_confidence, fish_template, found, x, y, confidence"
workers.fishing.fish_recognition,193,4,"self, screenshot, fish_name, confidence"
workers.fishing.fish_recognition,194,3,"self, fish_name, confidence"
workers.fishing.fishing_bot,593,3,".0, t, current_triggers"
workers.fishing.fishing_bot,594,2,".0, v"
workers.fishing.fishing_bot,596,1,__class__
workers.fishing.fishing_bot,597,2,"self, log_callback"
workers.fishing.fishing_bot,598,29,"self, triggers, boat_human, fishing_stages, ad_buttons, is_compiled, failed, has_boat, has_human, needs, current_hunger, current_thirst, events, current_advantage, current_pereves, e, notif_mgr, shutdown_pending, _time, os, current_changed_bait, current_gear, current_triggers, priority_trigger, now, wait_elapsed, prev_trigger, elapsed, finished_trigger"
workers.fishing.fishing_bot,599,7,"self, Image, frame, frame_rgb, img, buf, e"
workers.fishing.fishing_bot,600,13,"self, storer, STORE_ROI_2K, STORE_ROI_FHD, fish_stored_count, backpack_full, screenshot, fish_positions, total_fish_count, notif_mgr, fish_info, success, e"
workers.fishing.fishing_bot,601,8,"self, roi, monitor, timeout, frame, green_count, _, pressed"
workers.fishing.fishing_bot,602,2,"self, notif_mgr"
workers.fishing.fishing_bot,603,5,"self, do_meal, do_backpack, garbage_settings, has_garbage_to_eject"
workers.fishing.fishing_bot,604,1,self
workers.fishing.fishing_bot,605,12,"self, fish_to_keep, fish_to_release, all_release, take_coord, release_coord, catch, eng_key, ru_name, weight, screenshot_bytes, notif_mgr"
workers.fishing.fishing_bot,606,8,"self, disposal, GARB_ROI_2K, GARB_ROI_FHD, screenshot, garbage_list, g, e"
workers.fishing.fishing_bot,607,15,"self, roi1, roi2, resolution_str, monitor, timeout, frame, red_count, color_diff, red_detected, change_detected, pressed, trigger_reason, fps, paused"
workers.fishing.fishing_bot,608,13,"self, meal, INVENTORY_ROI_2K, FOOD_CHECK_ROI_2K, THIRST_CHECK_ROI_2K, INVENTORY_ROI_FULLHD, FOOD_CHECK_ROI_FULLHD, THIRST_CHECK_ROI_FULLHD, food_found, donuts_ok, cocktails_ok, e, notif_mgr"
workers.fishing.fishing_bot,609,15,"self, meal, INVENTORY_ROI_2K, FOOD_CHECK_ROI_2K, THIRST_CHECK_ROI_2K, INVENTORY_ROI_FULLHD, FOOD_CHECK_ROI_FULLHD, THIRST_CHECK_ROI_FULLHD, food_found, donuts_ok, cocktails_ok, e, notif_mgr, garbage_settings, has_garbage_to_eject"
workers.fishing.fishing_bot,610,14,"self, storer, STORE_ROI_2K, STORE_ROI_FHD, fish_stored_count, backpack_full, screenshot, fish_positions, fish_info, success, e, notif_mgr, garbage_settings, has_garbage_to_eject"
workers.fishing.fishing_bot,611,21,"self, triggers, boat_human, triger_dir, change_boat_file, cv2, ROI_BOAT_HUMAN_FULLHD, ROI_BOAT_HUMAN_2K, roi, cx, cy, change_template, screenshot, result, _, max_val, max_loc, h, w, click_x, click_y"
workers.fishing.fishing_bot,612,2,"self, fish_name_eng"
workers.fishing.fishing_bot,613,3,"self, has_meal, has_backpack"
workers.fishing.fishing_bot,614,8,"self, trigger_name, triggers, now, is_detected, last_seen, time_since_last, is_active"
workers.fishing.fishing_bot,615,8,"self, fish_names_file, f, line, eng_name_with_png, ru_name, eng_name, e"
workers.fishing.fishing_bot,616,4,"self, msg, ts, full_msg"
workers.fishing.fishing_bot,617,5,"self, triger_dir, monitor, frame, detections"
workers.fishing.fishing_bot,618,7,"self, roi, monitor, iterations, frame, result, e"
workers.fishing.fishing_bot,619,19,"self, w, h, _, roi1, roi2, res_suffix, monitor, iterations, frame, red_conf, bubles_conf, red_det, bubles_det, pressed, reason, fps, paused, e"
workers.fishing.fishing_bot,620,4,"self, tracker, iterations, state"
workers.fishing.fishing_bot,621,3,"self, seconds, end"
workers.fishing.fishing_bot,622,9,"self, WindowActivator, attempt, deadline, triggers, boat_human, stages, screenshot_bytes, notif_mgr"
workers.fishing.fishing_bot,623,6,"self, max_retries, attempt, triggers, stages, deadline"
workers.fishing.fishing_bot,624,7,"self, garbage_settings, WindowActivator, e, w, h, _"
workers.fishing.garbage_disposal,261,1,__class__
workers.fishing.garbage_disposal,262,1,self
workers.fishing.garbage_disposal,263,2,"self, process_name"
workers.fishing.garbage_disposal,264,6,"hwnd, hwnds, _, pid, process, self"
workers.fishing.garbage_disposal,265,15,"self, left, top, right, bottom, width, height, hwndDC, mfcDC, saveDC, saveBitMap, bmpinfo, bmpstr, img, e"
workers.fishing.garbage_disposal,266,13,"self, x, y, button, rect, client_rect, border_x, border_y, screen_x, screen_y, top_right_x, top_right_y, e"
workers.fishing.garbage_disposal,267,8,"self, garbage_info, garbage_name, garbage_x, garbage_y, garbage_num, key_to_press, e"
workers.fishing.garbage_disposal,268,11,"self, screenshot, found_garbage, garbage_types_to_search, garbage_key, matches, i, x, y, conf, garbage_info"
workers.fishing.garbage_disposal,269,16,"self, screenshot, template, roi, search_area, offset_x, offset_y, result, locations, matches, h, w, pt, confidence, center_x, center_y"
workers.fishing.garbage_disposal,270,14,"self, screenshot, template, roi, search_area, result, min_val, max_val, min_loc, max_loc, h, w, center_x, center_y"
workers.fishing.garbage_disposal,271,5,"self, callback, hwnds, hwnd, title"
workers.fishing.garbage_disposal,272,5,"self, left, top, right, bottom"
workers.fishing.garbage_disposal,273,3,"self, width, height"
workers.fishing.garbage_disposal,274,6,"self, template_files, key, filename, file_path, template"
workers.fishing.garbage_disposal,276,16,"self, matches, template_w, template_h, filtered, min_distance, match, x, y, conf, is_overlap, existing, ex, ey, _, distance"
workers.fishing.garbage_disposal,277,8,"self, key, name, screenshot, garbage_positions, disposed_count, i, garbage_info"
workers.fishing.hooking,215,1,__class__
workers.fishing.hooking,216,4,"self, roi1, roi2, resolution_type"
workers.fishing.hooking,217,2,"self, process_name"
workers.fishing.hooking,218,6,"hwnd, hwnds, _, pid, process, self"
workers.fishing.hooking,219,1,self
workers.fishing.hooking,220,15,"self, left, top, right, bottom, width, height, hwndDC, mfcDC, saveDC, saveBitMap, bmpinfo, bmpstr, img, e"
workers.fishing.hooking,221,11,"self, frame, current_time, elapsed, remaining, red_confidence, red_detected, bubles_confidence, bubles_detected, pressed, trigger_reason"
workers.fishing.hooking,223,5,"self, callback, hwnds, hwnd, title"
workers.fishing.hooking,224,5,"self, left, top, right, bottom"
workers.fishing.hooking,225,2,"self, e"
workers.fishing.hooking,227,15,"self, frame, template, roi, x, y, w, h, roi_frame, result, min_val, max_val, min_loc, max_loc, pattern_detected"
workers.fishing.meal_system,257,1,__class__
workers.fishing.meal_system,258,1,self
workers.fishing.meal_system,259,2,"self, process_name"
workers.fishing.meal_system,260,6,"hwnd, hwnds, _, pid, process, self"
workers.fishing.meal_system,261,15,"self, left, top, right, bottom, width, height, hwndDC, mfcDC, saveDC, saveBitMap, bmpinfo, bmpstr, img, e"
workers.fishing.meal_system,262,5,"self, screenshot, found, _, conf"
workers.fishing.meal_system,263,7,"self, consumed_count, screenshot, found, x, y, conf"
workers.fishing.meal_system,264,6,"self, screenshot, found, x, y, conf"
workers.fishing.meal_system,265,4,"self, x, y, item_name"
workers.fishing.meal_system,266,12,"self, x, y, rect, client_rect, border_x, border_y, screen_x, screen_y, win32api, original_pos, e"
workers.fishing.meal_system,267,3,"self, screenshot, item_key"
workers.fishing.meal_system,268,14,"self, screenshot, template, roi, search_area, result, min_val, max_val, min_loc, max_loc, h, w, center_x, center_y"
workers.fishing.meal_system,269,5,"self, callback, hwnds, hwnd, title"
workers.fishing.meal_system,270,5,"self, left, top, right, bottom"
workers.fishing.meal_system,271,3,"self, width, height"
workers.fishing.meal_system,272,6,"self, template_files, key, filename, file_path, template"
workers.fishing.meal_system,274,7,"self, screenshot, has_donut, _, has_cocktail, food_full, thirst_full"
workers.fishing.memory_fish_reader,179,1,__class__
workers.fishing.memory_fish_reader,180,1,self
workers.fishing.memory_fish_reader,189,17,"self, pids, targets, pid, h, regions, base, size, known_counts, current_counts, new_items, key, cnt, ru_name, weight, eng_key, _"
workers.fishing.memory_fish_reader,190,5,"self, timeout, deadline, remaining, result"
workers.fishing.memory_fish_reader,191,2,"self, timeout"
workers.fishing.memory_reeling,311,4,".0, lo, hi, rs"
workers.fishing.memory_reeling,312,4,".0, lo, hi, vt"
workers.fishing.memory_reeling,313,5,".0, j, pb, comb, i"
workers.fishing.memory_reeling,315,1,__class__
workers.fishing.memory_reeling,316,3,"self, capture, log_callback"
workers.fishing.memory_reeling,317,18,"self, hint_min, hint_max, key, cached, regions, addr, mbi, ret, rsz, rs, in_mod, re, cur, end, nxt, na, out"
workers.fishing.memory_reeling,318,5,"self, cped_addr, half, lo, hi"
workers.fishing.memory_reeling,319,4,"self, addr, d, v"
workers.fishing.memory_reeling,320,20,"self, gta, base, size, vtable_ranges, nm, info, b, s, pattern, rp, il, offsets, m, raw, wp, cw, wo, cp, vt"
workers.fishing.memory_reeling,321,34,"self, player_pos, by_hash, px, py, pz, hint_min, hint_max, regions, marker_delta, xmin, xmax, ymin, ymax, zmin, zmax, best, rs, re, data, n32, a32f, finite, m, hits4, idxs, i_np, i, xi, x, y, z, dist, addr"
workers.fishing.memory_reeling,322,20,"self, player_pos, p_iface, p_ped_iface, max_peds, p_ped_list, px, py, pz, best, max_dist, max_dist2, i, ent_addr, h, pos, dx, dy, dz, d2"
workers.fishing.memory_reeling,323,9,"self, gta, base, size, hit, rel, disp, ptr_addr, p_iface"
workers.fishing.memory_reeling,324,8,"self, pid, snap, me, out, ok, name, base"
workers.fishing.memory_reeling,326,2,"self, key"
workers.fishing.memory_reeling,327,3,"self, addr, d"
workers.fishing.memory_reeling,328,2,"self, msg"
workers.fishing.memory_reeling,329,3,"self, source, now"
workers.fishing.memory_reeling,330,11,"self, base, size, pattern, chunk, plen, prev, off, data, comb, i"
workers.fishing.memory_reeling,331,5,"self, addr, size, buf, n"
workers.fishing.memory_reeling,332,4,"self, ent_addr, archetype, d"
workers.fishing.memory_reeling,333,9,"self, cped_addr, mat_off, raw, row, rv, rx, ry, ln"
workers.fishing.memory_reeling,334,5,"self, addr, x, y, z"
workers.fishing.memory_reeling,335,1,self
workers.fishing.memory_reeling,336,21,"self, pp, fp, x, y, z, px, py, pz, dist, t_now, dt, dx, dy, vx, vy, vx_sm, vy_sm, right, lateral, move_val"
workers.fishing.store_fish,235,1,__class__
workers.fishing.store_fish,236,1,self
workers.fishing.store_fish,237,2,"self, process_name"
workers.fishing.store_fish,238,6,"hwnd, hwnds, _, pid, process, self"
workers.fishing.store_fish,239,15,"self, left, top, right, bottom, width, height, hwndDC, mfcDC, saveDC, saveBitMap, bmpinfo, bmpstr, img, e"
workers.fishing.store_fish,240,13,"self, x, y, button, rect, client_rect, border_x, border_y, screen_x, screen_y, win32api, original_pos, e"
workers.fishing.store_fish,241,9,"self, screenshot, found_fish, fish_template, found, fish_x, fish_y, confidence, fish_info"
workers.fishing.store_fish,242,16,"self, screenshot, template, roi, search_area, search_gray, template_gray, result, min_val, max_val, min_loc, max_loc, h, w, center_x, center_y"
workers.fishing.store_fish,243,5,"self, callback, hwnds, hwnd, title"
workers.fishing.store_fish,244,5,"self, left, top, right, bottom"
workers.fishing.store_fish,245,3,"self, width, height"
workers.fishing.store_fish,246,6,"self, template_path, remove_path, fish_count, file_path, template"
workers.fishing.store_fish,248,6,"self, stored_count, screenshot, fish_positions, i, fish_info"
workers.fishing.store_fish,249,10,"self, fish_info, fish_name, fish_x, fish_y, new_screenshot, found_remove, remove_x, remove_y, remove_conf"
workers.fishing.trigger_monitor,275,2,".0, t"
workers.fishing.trigger_monitor,277,1,__class__
workers.fishing.trigger_monitor,278,3,"self, resolution, templates_dir"
workers.fishing.trigger_monitor,279,2,"self, process_name"
workers.fishing.trigger_monitor,280,7,"self, frame, roi, x, y, w, h"
workers.fishing.trigger_monitor,281,4,"self, filename, filepath, template"
workers.fishing.trigger_monitor,282,3,"self, templates, loaded"
workers.fishing.trigger_monitor,283,9,"self, roi, template, roi_gray, result, min_val, max_val, min_loc, max_loc"
workers.fishing.trigger_monitor,284,6,"hwnd, hwnds, _, pid, process, self"
workers.fishing.trigger_monitor,285,1,self
workers.fishing.trigger_monitor,286,15,"self, left, top, right, bottom, width, height, hwndDC, mfcDC, saveDC, saveBitMap, bmpinfo, bmpstr, img, e"
workers.fishing.trigger_monitor,287,6,"self, frame, roi, detections, conf, loc"
workers.fishing.trigger_monitor,289,5,"self, callback, hwnds, hwnd, title"
workers.fishing.trigger_monitor,291,5,"self, left, top, right, bottom"
workers.fishing.trigger_monitor,293,5,"self, frame, current_time, elapsed, all_detections"
workers.fishing.window_activator,95,2,"__class__, KEYBDINPUT"
workers.fishing.window_activator,96,2,"__class__, PUL"
workers.fishing.window_activator,97,1,__class__
workers.fishing.window_capture,116,1,__class__
workers.fishing.window_capture,117,2,"self, process_name"
workers.fishing.window_capture,118,7,"self, x, y, rect, client_rect, border_x, border_y"
workers.fishing.window_capture,119,6,"hwnd, hwnds, _, pid, process, self"
workers.fishing.window_capture,120,1,self
workers.fishing.window_capture,121,14,"self, left, top, right, bottom, width, height, hwndDC, mfcDC, saveDC, saveBitMap, bmpinfo, bmpstr, img"
workers.fishing.window_capture,122,6,"self, x, y, button, screen_x, screen_y"
workers.fishing.window_capture,123,5,"self, x, y, screen_x, screen_y"
workers.fishing.window_capture,124,5,"self, callback, hwnds, hwnd, title"
workers.fishing.window_capture,125,5,"self, left, top, right, bottom"
workers.fishing.window_capture,126,2,"self, key"
