relative_path,group,type,size,width,height,sha256,path
fishing\fish2k\albula.png,fishing,png,55178,415,250,d97a77fbc79c013f29cd5524024fe34f0f904338cd3a04784e37fe3d81977e00,P:\projects\Majestic\Sonar\01_reverse_engineering\kortexworker.exe_extracted_noskip\resources\fishing\fish2k\albula.png
fishing\fish2k\ancient_gyneria.png,fishing,png,72439,415,250,4b3ff755d4f3f8a77b2363b11877b566d1b49e72d1f077e2679ac9406bed0d4f,P:\projects\Majestic\Sonar\01_reverse_engineering\kortexworker.exe_extracted_noskip\resources\fishing\fish2k\ancient_gyneria.png
fishing\fish2k\barracuda.png,fishing,png,38354,415,250,7c1e586f11dc6d6e0b8b8264e330b80ebd9a414b7613947a2b25d23c6e88839e,P:\projects\Majestic\Sonar\01_reverse_engineering\kortexworker.exe_extracted_noskip\resources\fishing\fish2k\barracuda.png
fishing\fish2k\bream_leshch.png,fishing,png,79087,415,250,25c718b0f9021bc7ce223c1cb8b57d8687440989495ef8513889a29233a173e0,P:\projects\Majestic\Sonar\01_reverse_engineering\kortexworker.exe_extracted_noskip\resources\fishing\fish2k\bream_leshch.png
fishing\fish2k\common_snook.png,fishing,png,50388,415,250,397975e3d7cb19a3de49b93542d52684a0f2ab9320dbd626deb148a6b2de5b66,P:\projects\Majestic\Sonar\01_reverse_engineering\kortexworker.exe_extracted_noskip\resources\fishing\fish2k\common_snook.png
fishing\fish2k\golavl.png,fishing,png,57346,415,250,774c810faf44a8ed5fcbe34196cf084b4c09dd97a7b309683f8f8663d21da177,P:\projects\Majestic\Sonar\01_reverse_engineering\kortexworker.exe_extracted_noskip\resources\fishing\fish2k\golavl.png
fishing\fish2k\korichnevy_som.png,fishing,png,67598,415,250,25415c4139803e0e24d7187aaa836840279c6604139069458c793b7878694d61,P:\projects\Majestic\Sonar\01_reverse_engineering\kortexworker.exe_extracted_noskip\resources\fishing\fish2k\korichnevy_som.png
fishing\fish2k\krasny_gorbyl.png,fishing,png,59352,415,250,5d471d3b41075a6ef4d5ae32fa7a9d602de699d85f626935383af487aaddf266,P:\projects\Majestic\Sonar\01_reverse_engineering\kortexworker.exe_extracted_noskip\resources\fishing\fish2k\krasny_gorbyl.png
fishing\fish2k\krugly_trahinot.png,fishing,png,62751,415,250,c166a6fd960ecfd2ada5461294dad63adece2005f9b4dfe42928c027383f1278,P:\projects\Majestic\Sonar\01_reverse_engineering\kortexworker.exe_extracted_noskip\resources\fishing\fish2k\krugly_trahinot.png
fishing\fish2k\marlin.png,fishing,png,49670,415,250,28099ea2925a06a27500609c6829b20de917028e30d8e6b8856d5027d5edaabd,P:\projects\Majestic\Sonar\01_reverse_engineering\kortexworker.exe_extracted_noskip\resources\fishing\fish2k\marlin.png
fishing\fish2k\obyknovennaya_shchuka.png,fishing,png,72132,415,250,3d891f27d41125e8ff985b0088ab8fe6c676e5ebca0e1337eee8be3c81d4c951,P:\projects\Majestic\Sonar\01_reverse_engineering\kortexworker.exe_extracted_noskip\resources\fishing\fish2k\obyknovennaya_shchuka.png
fishing\fish2k\polosaty_lavrak.png,fishing,png,66607,415,250,bb74dabe619355b6e8917690dcdd2525bba6a20a3b305748801f4b30526683d8,P:\projects\Majestic\Sonar\01_reverse_engineering\kortexworker.exe_extracted_noskip\resources\fishing\fish2k\polosaty_lavrak.png
fishing\fish2k\pribrezhny_bass.png,fishing,png,72564,415,250,3e6b8cfff58a396cd3626c16984b61f17ddb96b5f2a61a0e142d735bbbcadff4,P:\projects\Majestic\Sonar\01_reverse_engineering\kortexworker.exe_extracted_noskip\resources\fishing\fish2k\pribrezhny_bass.png
fishing\fish2k\raduzhnaya_forel.png,fishing,png,66882,415,250,e49f63dc2674dbf40ccad5d64c3cef82c77196f92e32207526a770afd50e6ab7,P:\projects\Majestic\Sonar\01_reverse_engineering\kortexworker.exe_extracted_noskip\resources\fishing\fish2k\raduzhnaya_forel.png
fishing\fish2k\rechnoy_okun.png,fishing,png,75503,415,250,13d5f72ff0fc53d8c9fff08b3f36ecd9c34ee5578270a856f6c18439d3d7575f,P:\projects\Majestic\Sonar\01_reverse_engineering\kortexworker.exe_extracted_noskip\resources\fishing\fish2k\rechnoy_okun.png
fishing\fish2k\roach_plotva.png,fishing,png,61934,415,250,8bcf79cdcb681494c2feb3579632750e87014ad71b4b537df583b659ddf51d44,P:\projects\Majestic\Sonar\01_reverse_engineering\kortexworker.exe_extracted_noskip\resources\fishing\fish2k\roach_plotva.png
fishing\fish2k\roach_vobla.png,fishing,png,84297,415,250,cdfe2cfac3e6994274ee4b8896cd2b1720dae9ac7c3b1804ac2f2c11de86cab5,P:\projects\Majestic\Sonar\01_reverse_engineering\kortexworker.exe_extracted_noskip\resources\fishing\fish2k\roach_vobla.png
fishing\fish2k\rudd_krasnoperka.png,fishing,png,66897,415,250,f54afbd167690dd56bc4c8aa16c398b660bb073d586febd16fbd985f40c72532,P:\projects\Majestic\Sonar\01_reverse_engineering\kortexworker.exe_extracted_noskip\resources\fishing\fish2k\rudd_krasnoperka.png
fishing\fish2k\ruster.png,fishing,png,67864,415,250,c53f7e2fa97884151d77e59b5b38a59c0702a3435465885e908db5c3f4ec2789,P:\projects\Majestic\Sonar\01_reverse_engineering\kortexworker.exe_extracted_noskip\resources\fishing\fish2k\ruster.png
fishing\fish2k\sazan.png,fishing,png,75871,415,250,2ae99a357c80638b2ff790ba585e1c835da1f133b05984e77d9c04dbc109effd,P:\projects\Majestic\Sonar\01_reverse_engineering\kortexworker.exe_extracted_noskip\resources\fishing\fish2k\sazan.png
fishing\fish2k\serebryany_karas.png,fishing,png,77332,415,250,a59aaaf59b64800318285992f2fb6fa89f982198dcda82d08770936645de487d,P:\projects\Majestic\Sonar\01_reverse_engineering\kortexworker.exe_extracted_noskip\resources\fishing\fish2k\serebryany_karas.png
fishing\fish2k\seriola.png,fishing,png,71643,415,250,3304286b7eb585a5e0d2c4902ec1afbe320af1412d42fb6181f93992f58c2ca8,P:\projects\Majestic\Sonar\01_reverse_engineering\kortexworker.exe_extracted_noskip\resources\fishing\fish2k\seriola.png
fishing\fish2k\som_obyknovennyy.png,fishing,png,51372,415,250,db1d8f57107c4da643b64d45d96bcaa0f8eaf8d37213c5ca5c70d9cb82990eb4,P:\projects\Majestic\Sonar\01_reverse_engineering\kortexworker.exe_extracted_noskip\resources\fishing\fish2k\som_obyknovennyy.png
fishing\fish2k\steelhead_salmon.png,fishing,png,52455,415,250,69ec2982e76444dfdb271b98dff19648f401ec437e3761de9422bf25162bb43c,P:\projects\Majestic\Sonar\01_reverse_engineering\kortexworker.exe_extracted_noskip\resources\fishing\fish2k\steelhead_salmon.png
fishing\fish2k\sterlet.png,fishing,png,36637,415,250,ffc2cb6e7da3f3dee592407d8f9476d08bd3ca3e41b9340b1867c58ddc32ed9d,P:\projects\Majestic\Sonar\01_reverse_engineering\kortexworker.exe_extracted_noskip\resources\fishing\fish2k\sterlet.png
fishing\fish2k\sudak_obyknovennyy.png,fishing,png,61357,415,250,a108e2e54e54096f2ca4d136fbd979c5db7683601ec29af616c810e1602eac79,P:\projects\Majestic\Sonar\01_reverse_engineering\kortexworker.exe_extracted_noskip\resources\fishing\fish2k\sudak_obyknovennyy.png
fishing\fish2k\tarpon.png,fishing,png,54787,415,250,8d5ce9a2266be20e266cf99f5c047da43cbbf4287efcc7118165fa9f79801493,P:\projects\Majestic\Sonar\01_reverse_engineering\kortexworker.exe_extracted_noskip\resources\fishing\fish2k\tarpon.png
fishing\fish2k\temny_gorbyl.png,fishing,png,66368,415,250,0fb370fe1fdfe0584651f0954a930f4e6733719b989d21e964d38294b360c6fd,P:\projects\Majestic\Sonar\01_reverse_engineering\kortexworker.exe_extracted_noskip\resources\fishing\fish2k\temny_gorbyl.png
fishing\fish2k\toksichny_okun.png,fishing,png,81760,415,250,5afcf7936e633a04c520f1eb3f436765f6688524635dfb70c162cadbb4b38372,P:\projects\Majestic\Sonar\01_reverse_engineering\kortexworker.exe_extracted_noskip\resources\fishing\fish2k\toksichny_okun.png
fishing\fish2k\zerkalny_karp.png,fishing,png,69526,415,250,b41bd4f4aa50e9e22fe4a7620ff9d79236b1febafc1b88adb11755cbfd6d00ec,P:\projects\Majestic\Sonar\01_reverse_engineering\kortexworker.exe_extracted_noskip\resources\fishing\fish2k\zerkalny_karp.png
fishing\fish2k\zhereh.png,fishing,png,49215,415,250,d03c10bd09833c65a2c98b51814eb9f6b5bf38f3897b92b8b05169eb4c44025d,P:\projects\Majestic\Sonar\01_reverse_engineering\kortexworker.exe_extracted_noskip\resources\fishing\fish2k\zhereh.png
fishing\fish_inv_2k\albula.png,fishing,png,7338,116,25,c53dbe2866bdfd98f2f211f8f91a4593197ecb63cd8e49acb18d8883673959d1,P:\projects\Majestic\Sonar\01_reverse_engineering\kortexworker.exe_extracted_noskip\resources\fishing\fish_inv_2k\albula.png
fishing\fish_inv_2k\ancient_gyneria.png,fishing,png,6134,89,27,7e5440cfdc7b33e90e54231b1cbf8ba28c9946e6cb596bbc7470744fa5e0d276,P:\projects\Majestic\Sonar\01_reverse_engineering\kortexworker.exe_extracted_noskip\resources\fishing\fish_inv_2k\ancient_gyneria.png
fishing\fish_inv_2k\barracuda.png,fishing,png,6208,125,27,0890a5d3751d8cb726ce432af2fc1b56192517ed2fcb752da3590ac83fad21e2,P:\projects\Majestic\Sonar\01_reverse_engineering\kortexworker.exe_extracted_noskip\resources\fishing\fish_inv_2k\barracuda.png
fishing\fish_inv_2k\bream_leshch.png,fishing,png,7623,103,39,f8047f5868f87aef687c2e61873e54a3f0b489da04f9fb6d392c27935c3e8f10,P:\projects\Majestic\Sonar\01_reverse_engineering\kortexworker.exe_extracted_noskip\resources\fishing\fish_inv_2k\bream_leshch.png
fishing\fish_inv_2k\common_snook.png,fishing,png,7363,114,35,a54058904f3e28a379ce168ad5cfc5a2187f8e3b7010947798463b81dc8236a3,P:\projects\Majestic\Sonar\01_reverse_engineering\kortexworker.exe_extracted_noskip\resources\fishing\fish_inv_2k\common_snook.png
fishing\fish_inv_2k\golavl.png,fishing,png,9192,126,33,0af2a95d21df4855228fdb11ba50294e1ba29de101a5b196124375c8cf766d72,P:\projects\Majestic\Sonar\01_reverse_engineering\kortexworker.exe_extracted_noskip\resources\fishing\fish_inv_2k\golavl.png
fishing\fish_inv_2k\korichnevy_som.png,fishing,png,8297,111,38,896488c12ecb5e7648f58842fa0cc948bc111690ea55aea325fb974446c79482,P:\projects\Majestic\Sonar\01_reverse_engineering\kortexworker.exe_extracted_noskip\resources\fishing\fish_inv_2k\korichnevy_som.png
fishing\fish_inv_2k\krasny_gorbyl.png,fishing,png,9209,118,35,d417ab550d593aa90a1dc1b73a0ef7c95736e0f8d0c3969b1123a4dca039774c,P:\projects\Majestic\Sonar\01_reverse_engineering\kortexworker.exe_extracted_noskip\resources\fishing\fish_inv_2k\krasny_gorbyl.png
fishing\fish_inv_2k\krugly_trahinot.png,fishing,png,5849,89,41,dca71bda51f9f8df623a2067e16e58ca3bcfcb5c2e846ccf9f8940ffc39588b2,P:\projects\Majestic\Sonar\01_reverse_engineering\kortexworker.exe_extracted_noskip\resources\fishing\fish_inv_2k\krugly_trahinot.png
fishing\fish_inv_2k\marlin.png,fishing,png,4798,88,21,dfbca68cdcf6ebc4921cfa236bf3d5a16b4c522dc6312d43946881f6994849a1,P:\projects\Majestic\Sonar\01_reverse_engineering\kortexworker.exe_extracted_noskip\resources\fishing\fish_inv_2k\marlin.png
fishing\fish_inv_2k\obyknovennaya_shchuka.png,fishing,png,7384,116,31,890ddc2dd24cb796b45159089ba730249a509f83ada769277db0bf6305bb948c,P:\projects\Majestic\Sonar\01_reverse_engineering\kortexworker.exe_extracted_noskip\resources\fishing\fish_inv_2k\obyknovennaya_shchuka.png
fishing\fish_inv_2k\polosaty_lavrak.png,fishing,png,9054,115,36,b7363e09a52e953b6e312008608039d4aa15da1b0c8a6e6837b6a41c8e27b30c,P:\projects\Majestic\Sonar\01_reverse_engineering\kortexworker.exe_extracted_noskip\resources\fishing\fish_inv_2k\polosaty_lavrak.png
fishing\fish_inv_2k\pribrezhny_bass.png,fishing,png,10126,120,34,211d41ea3bb38ad70fc291fa98fb7f9aaa1a61cdd1eb46f8913ccbbb649d2d0b,P:\projects\Majestic\Sonar\01_reverse_engineering\kortexworker.exe_extracted_noskip\resources\fishing\fish_inv_2k\pribrezhny_bass.png
fishing\fish_inv_2k\raduzhnaya_forel.png,fishing,png,8570,106,36,4fa72bc1e47ffc6b4fa22863c4ef6fd418a8af49d1255eecfdf4fdea262bff51,P:\projects\Majestic\Sonar\01_reverse_engineering\kortexworker.exe_extracted_noskip\resources\fishing\fish_inv_2k\raduzhnaya_forel.png
fishing\fish_inv_2k\rechnoy_okun.png,fishing,png,9195,107,34,15f8f1c9062115d9a52c60988cc75717b9d8909c0506c2a4a8e6e069b3e962f3,P:\projects\Majestic\Sonar\01_reverse_engineering\kortexworker.exe_extracted_noskip\resources\fishing\fish_inv_2k\rechnoy_okun.png
fishing\fish_inv_2k\remove.png,fishing,png,1954,186,19,5ad9c315a903330e9bee9d57b18a46887255780dad9a5c548fc45f99469230d1,P:\projects\Majestic\Sonar\01_reverse_engineering\kortexworker.exe_extracted_noskip\resources\fishing\fish_inv_2k\remove.png
fishing\fish_inv_2k\roach_plotva.png,fishing,png,2218,54,21,d68982f317305b07fc261c8965e15dd8f272b71b60e3932f8c1a9fef507d9d50,P:\projects\Majestic\Sonar\01_reverse_engineering\kortexworker.exe_extracted_noskip\resources\fishing\fish_inv_2k\roach_plotva.png
fishing\fish_inv_2k\roach_vobla.png,fishing,png,7666,98,43,090d7167ad176cc5454feb15b6f2266c916199b8be65ceff1280cf7a1b082f9e,P:\projects\Majestic\Sonar\01_reverse_engineering\kortexworker.exe_extracted_noskip\resources\fishing\fish_inv_2k\roach_vobla.png
fishing\fish_inv_2k\rudd_krasnoperka.png,fishing,png,2383,51,22,887dbbf72a570772c0068ad91475cfae650ae4ff8d50c75f83f589780bda0146,P:\projects\Majestic\Sonar\01_reverse_engineering\kortexworker.exe_extracted_noskip\resources\fishing\fish_inv_2k\rudd_krasnoperka.png
fishing\fish_inv_2k\ruster.png,fishing,png,3756,79,17,4528daffcf629188a4578e0465d9e4ddd3630f6088a40477d95e0aafb97e6d4f,P:\projects\Majestic\Sonar\01_reverse_engineering\kortexworker.exe_extracted_noskip\resources\fishing\fish_inv_2k\ruster.png
fishing\fish_inv_2k\sazan.png,fishing,png,8767,107,36,d2ca1f25923c9d251ac86aa69d86022210092e09572e4af9e2eed1797a6ef5ea,P:\projects\Majestic\Sonar\01_reverse_engineering\kortexworker.exe_extracted_noskip\resources\fishing\fish_inv_2k\sazan.png
fishing\fish_inv_2k\serebryany_karas.png,fishing,png,8613,106,36,5c117295cfb87e7c5c5b5043c402cacd1eaeff3553bf83efcaee2091f4d0bb3a,P:\projects\Majestic\Sonar\01_reverse_engineering\kortexworker.exe_extracted_noskip\resources\fishing\fish_inv_2k\serebryany_karas.png
fishing\fish_inv_2k\seriola.png,fishing,png,5940,95,22,c20cb69180b2145939b3ee4207da25ab4d1f4016aa365f57fc381bc5ac45dfa3,P:\projects\Majestic\Sonar\01_reverse_engineering\kortexworker.exe_extracted_noskip\resources\fishing\fish_inv_2k\seriola.png
fishing\fish_inv_2k\som_obyknovennyy.png,fishing,png,7388,117,32,945dee3a9955078fc91baa157fa744313da6f72a646d01d0cb6577361ca43ea3,P:\projects\Majestic\Sonar\01_reverse_engineering\kortexworker.exe_extracted_noskip\resources\fishing\fish_inv_2k\som_obyknovennyy.png
fishing\fish_inv_2k\steelhead_salmon.png,fishing,png,7981,117,28,b17074e5eeed0ccd198c8fae0262de9e051902f8b3e6325af9cdfb095230c2df,P:\projects\Majestic\Sonar\01_reverse_engineering\kortexworker.exe_extracted_noskip\resources\fishing\fish_inv_2k\steelhead_salmon.png
fishing\fish_inv_2k\sterlet.png,fishing,png,10484,170,36,a5fc1217ed40e0746c18fcb8a0eb00f079953e307175d581a2bf24de93b7e4bc,P:\projects\Majestic\Sonar\01_reverse_engineering\kortexworker.exe_extracted_noskip\resources\fishing\fish_inv_2k\sterlet.png
fishing\fish_inv_2k\sudak_obyknovennyy.png,fishing,png,9739,117,37,5bea57135a8a14bd1d1fbc1375f282bdf90ad20729c4d6eadf8520cd4540c5fe,P:\projects\Majestic\Sonar\01_reverse_engineering\kortexworker.exe_extracted_noskip\resources\fishing\fish_inv_2k\sudak_obyknovennyy.png
fishing\fish_inv_2k\tarpon.png,fishing,png,5946,121,17,ba1496a776a735a1ca24d3cbb066573fb910a027156e89f5954dcc5942f7c418,P:\projects\Majestic\Sonar\01_reverse_engineering\kortexworker.exe_extracted_noskip\resources\fishing\fish_inv_2k\tarpon.png
fishing\fish_inv_2k\temny_gorbyl.png,fishing,png,7085,99,37,fbf3f99e5b00f9eda8555fbfc46792889d347b29f5116900684c462fa2e15c35,P:\projects\Majestic\Sonar\01_reverse_engineering\kortexworker.exe_extracted_noskip\resources\fishing\fish_inv_2k\temny_gorbyl.png
fishing\fish_inv_2k\toksichny_okun.png,fishing,png,6379,71,41,8ea5b0ecfb9225f18d2547875c0561097c74fc3f6cd94bf7a545e20ec0abdd83,P:\projects\Majestic\Sonar\01_reverse_engineering\kortexworker.exe_extracted_noskip\resources\fishing\fish_inv_2k\toksichny_okun.png
fishing\fish_inv_2k\zerkalny_karp.png,fishing,png,6338,101,35,b127868f6c2d7aa4425e876eeb93c64fbcf564a549e525bddbcff810717b0681,P:\projects\Majestic\Sonar\01_reverse_engineering\kortexworker.exe_extracted_noskip\resources\fishing\fish_inv_2k\zerkalny_karp.png
fishing\fish_inv_2k\zhereh.png,fishing,png,7634,121,31,d8791726a9332bd940f3474e608953cab47d63235814a476b667174d8f2fbc59,P:\projects\Majestic\Sonar\01_reverse_engineering\kortexworker.exe_extracted_noskip\resources\fishing\fish_inv_2k\zhereh.png
fishing\fish_inv_hd\albula.png,fishing,png,3099,87,18,bbcc7f4b4fdc1264e827564b8a8db41e968b28b890ad27906959b4063bf73431,P:\projects\Majestic\Sonar\01_reverse_engineering\kortexworker.exe_extracted_noskip\resources\fishing\fish_inv_hd\albula.png
fishing\fish_inv_hd\ancient_gyneria.png,fishing,png,3948,64,25,0b681f3f01297438b87ca01dc18383704df6982cdaef15461e9983cd2feb8cfa,P:\projects\Majestic\Sonar\01_reverse_engineering\kortexworker.exe_extracted_noskip\resources\fishing\fish_inv_hd\ancient_gyneria.png
fishing\fish_inv_hd\barracuda.png,fishing,png,2851,93,20,855f7a67d34c896943f9f2de28528c3df27f255534feab667c3593d605666a03,P:\projects\Majestic\Sonar\01_reverse_engineering\kortexworker.exe_extracted_noskip\resources\fishing\fish_inv_hd\barracuda.png
fishing\fish_inv_hd\bream_leshch.png,fishing,png,3504,77,29,a2241f97b68ac85cf493de01df4eb31207f00a6782352d73c235538d82aac26d,P:\projects\Majestic\Sonar\01_reverse_engineering\kortexworker.exe_extracted_noskip\resources\fishing\fish_inv_hd\bream_leshch.png
fishing\fish_inv_hd\common_snook.png,fishing,png,3154,85,26,15ce2e0921e6e0885b8314420d9b92463b2ea8c46cfa9bb9a474390ea7656e42,P:\projects\Majestic\Sonar\01_reverse_engineering\kortexworker.exe_extracted_noskip\resources\fishing\fish_inv_hd\common_snook.png
fishing\fish_inv_hd\golavl.png,fishing,png,4241,94,24,f438a74c3b97780dfed93dfbfea0efbba8f4be0bc3e506ef22f147ff56737d06,P:\projects\Majestic\Sonar\01_reverse_engineering\kortexworker.exe_extracted_noskip\resources\fishing\fish_inv_hd\golavl.png
fishing\fish_inv_hd\korichnevy_som.png,fishing,png,3885,83,28,006cd3ed7114503600427ef949f1b9d239722a74a62d40087daa89be13a096a0,P:\projects\Majestic\Sonar\01_reverse_engineering\kortexworker.exe_extracted_noskip\resources\fishing\fish_inv_hd\korichnevy_som.png
fishing\fish_inv_hd\krasny_gorbyl.png,fishing,png,3977,88,26,83bde0d07dd9d79fe496dbdb6cf1ce4fd3b048f110ebd5bc174ff42f7cbe4a22,P:\projects\Majestic\Sonar\01_reverse_engineering\kortexworker.exe_extracted_noskip\resources\fishing\fish_inv_hd\krasny_gorbyl.png
fishing\fish_inv_hd\krugly_trahinot.png,fishing,png,2888,66,30,e94907b496f26b3dea3c06f3e40bf7bfeb2af071e9db983347d5fddb52d206f0,P:\projects\Majestic\Sonar\01_reverse_engineering\kortexworker.exe_extracted_noskip\resources\fishing\fish_inv_hd\krugly_trahinot.png
fishing\fish_inv_hd\marlin.png,fishing,png,2869,66,14,121847d7e9cc718b4a44dad1258416c8a4070240c3afdf61b10d5eae0ff0ce16,P:\projects\Majestic\Sonar\01_reverse_engineering\kortexworker.exe_extracted_noskip\resources\fishing\fish_inv_hd\marlin.png
fishing\fish_inv_hd\obyknovennaya_shchuka.png,fishing,png,3257,87,23,3084583f81f03bdadecfd3fb6e5fa87938a361d19d066189596b8cff4cabadde,P:\projects\Majestic\Sonar\01_reverse_engineering\kortexworker.exe_extracted_noskip\resources\fishing\fish_inv_hd\obyknovennaya_shchuka.png
fishing\fish_inv_hd\polosaty_lavrak.png,fishing,png,3825,86,27,d179b8829e7e9cc1ba0f794743e52e8ff7e86faadfbc5b264bbeb3677a96a801,P:\projects\Majestic\Sonar\01_reverse_engineering\kortexworker.exe_extracted_noskip\resources\fishing\fish_inv_hd\polosaty_lavrak.png
fishing\fish_inv_hd\pribrezhny_bass.png,fishing,png,4446,90,25,06d62c0e3255e0c167b2e190d13780cd49bae993ed078fa8af7b4067ce7c466f,P:\projects\Majestic\Sonar\01_reverse_engineering\kortexworker.exe_extracted_noskip\resources\fishing\fish_inv_hd\pribrezhny_bass.png
fishing\fish_inv_hd\raduzhnaya_forel.png,fishing,png,3789,79,27,b70d65a3a3ef074293ec35142fb0ae7e5b73e5f42b93fa92777a7736041d3a74,P:\projects\Majestic\Sonar\01_reverse_engineering\kortexworker.exe_extracted_noskip\resources\fishing\fish_inv_hd\raduzhnaya_forel.png
fishing\fish_inv_hd\rechnoy_okun.png,fishing,png,4062,80,25,73d0418206e1d6f8c57f1929b8dd087e86d3126c07c9d811ef6c72b66542c02f,P:\projects\Majestic\Sonar\01_reverse_engineering\kortexworker.exe_extracted_noskip\resources\fishing\fish_inv_hd\rechnoy_okun.png
fishing\fish_inv_hd\remove.png,fishing,png,1412,140,13,e2f146538bfee08dfb868441eda26553dc2406575346dd6c06ca2b92ce3a0b7c,P:\projects\Majestic\Sonar\01_reverse_engineering\kortexworker.exe_extracted_noskip\resources\fishing\fish_inv_hd\remove.png
fishing\fish_inv_hd\roach_plotva.png,fishing,png,1094,40,15,b09b60e7ddabea6b27917aa8e99560ee6827962b8ea2369df3f3eaf8c1d5b8a3,P:\projects\Majestic\Sonar\01_reverse_engineering\kortexworker.exe_extracted_noskip\resources\fishing\fish_inv_hd\roach_plotva.png
fishing\fish_inv_hd\roach_vobla.png,fishing,png,3512,73,32,993657a50f5048cbd5054f26ffb8911d7e6bdb8bda17b77b28d8bd9d0c38d9fd,P:\projects\Majestic\Sonar\01_reverse_engineering\kortexworker.exe_extracted_noskip\resources\fishing\fish_inv_hd\roach_vobla.png
fishing\fish_inv_hd\rudd_krasnoperka.png,fishing,png,1233,38,16,be57d420b109065f74eabdbe528b84c90fe3347fb87364a4c9dd99585c5a23be,P:\projects\Majestic\Sonar\01_reverse_engineering\kortexworker.exe_extracted_noskip\resources\fishing\fish_inv_hd\rudd_krasnoperka.png
fishing\fish_inv_hd\ruster.png,fishing,png,2549,61,17,f18ce296a087968087ac62158c1246ea3f824b3f30b3afed51cbd9de03bee636,P:\projects\Majestic\Sonar\01_reverse_engineering\kortexworker.exe_extracted_noskip\resources\fishing\fish_inv_hd\ruster.png
fishing\fish_inv_hd\sazan.png,fishing,png,4101,80,27,00b254ecc13c023e25961cd008911dc5f95892173c4e3406699cc76d0c33b6d7,P:\projects\Majestic\Sonar\01_reverse_engineering\kortexworker.exe_extracted_noskip\resources\fishing\fish_inv_hd\sazan.png
fishing\fish_inv_hd\serebryany_karas.png,fishing,png,3949,79,27,8f3cb7eaf670f41f339a0f7522bcbfcdf91af4d72e071f2f11082df961bb6ef1,P:\projects\Majestic\Sonar\01_reverse_engineering\kortexworker.exe_extracted_noskip\resources\fishing\fish_inv_hd\serebryany_karas.png
fishing\fish_inv_hd\seriola.png,fishing,png,4727,74,25,21e550e8f9012fccdd2e84084975cdc3e9b99ed4413626b937215b81511297ac,P:\projects\Majestic\Sonar\01_reverse_engineering\kortexworker.exe_extracted_noskip\resources\fishing\fish_inv_hd\seriola.png
fishing\fish_inv_hd\som_obyknovennyy.png,fishing,png,3342,87,24,5bf6478355fed32b1f7955d31f36a55c967235947b76adc2658d04f4002f8c3d,P:\projects\Majestic\Sonar\01_reverse_engineering\kortexworker.exe_extracted_noskip\resources\fishing\fish_inv_hd\som_obyknovennyy.png
fishing\fish_inv_hd\steelhead_salmon.png,fishing,png,3428,87,21,27e0800b8bd45875bdb851fe335ecac6748189d5b693312d895320c649310b58,P:\projects\Majestic\Sonar\01_reverse_engineering\kortexworker.exe_extracted_noskip\resources\fishing\fish_inv_hd\steelhead_salmon.png
fishing\fish_inv_hd\sterlet.png,fishing,png,4975,127,27,8c4719b56dcfd0ee0d7c3f22d249c92b3f786d039763775e6a1e8e5105300390,P:\projects\Majestic\Sonar\01_reverse_engineering\kortexworker.exe_extracted_noskip\resources\fishing\fish_inv_hd\sterlet.png
fishing\fish_inv_hd\sudak_obyknovennyy.png,fishing,png,4099,87,27,9aaf44efc38eed22bf71c8d4adc9b47115d0cb4cdb8016db92364f4734701d32,P:\projects\Majestic\Sonar\01_reverse_engineering\kortexworker.exe_extracted_noskip\resources\fishing\fish_inv_hd\sudak_obyknovennyy.png
fishing\fish_inv_hd\tarpon.png,fishing,png,4442,87,21,0f38cf033aed3eef7e9061717d1a75107a5a56846b0c4da4a6d3308e31b36e9d,P:\projects\Majestic\Sonar\01_reverse_engineering\kortexworker.exe_extracted_noskip\resources\fishing\fish_inv_hd\tarpon.png
fishing\fish_inv_hd\temny_gorbyl.png,fishing,png,3297,74,27,f3ae95e7ef940286040a853923744dff20a84f4a78e519071da05e16c5e453a3,P:\projects\Majestic\Sonar\01_reverse_engineering\kortexworker.exe_extracted_noskip\resources\fishing\fish_inv_hd\temny_gorbyl.png
fishing\fish_inv_hd\toksichny_okun.png,fishing,png,3047,53,30,adfa14d94c65e117e7bc2c38c2304845e75da39b67cc3eaa944ee391d5c7894a,P:\projects\Majestic\Sonar\01_reverse_engineering\kortexworker.exe_extracted_noskip\resources\fishing\fish_inv_hd\toksichny_okun.png
fishing\fish_inv_hd\zerkalny_karp.png,fishing,png,3060,75,26,9dcedcebf4cb407a2ddb40d527da080484c551705e0f6d6856a37dc5a51b4a37,P:\projects\Majestic\Sonar\01_reverse_engineering\kortexworker.exe_extracted_noskip\resources\fishing\fish_inv_hd\zerkalny_karp.png
fishing\fish_inv_hd\zhereh.png,fishing,png,3353,90,23,52d7d4a67920386f1afb7337c83a45b83eab92c29233cf6295c8feb3f7dac49e,P:\projects\Majestic\Sonar\01_reverse_engineering\kortexworker.exe_extracted_noskip\resources\fishing\fish_inv_hd\zhereh.png
fishing\fish_ocean\1.png,fishing,png,316,14,12,afc565148af0b20b55e45fbc1c3149cac68fe40394aee8d5c584af12a0f55870,P:\projects\Majestic\Sonar\01_reverse_engineering\kortexworker.exe_extracted_noskip\resources\fishing\fish_ocean\1.png
fishing\fish_ocean\10.png,fishing,png,2797,70,48,9e6f58b004376417445199cd1ec7bc9affe6d7218dd7d9b9a4916bda5b42d9a6,P:\projects\Majestic\Sonar\01_reverse_engineering\kortexworker.exe_extracted_noskip\resources\fishing\fish_ocean\10.png
fishing\fish_ocean\11.png,fishing,png,458,19,12,7d33ba9469a4065ba13f7d15fa1b04f74c4dd60176fa6ebe532a222bb6124ac1,P:\projects\Majestic\Sonar\01_reverse_engineering\kortexworker.exe_extracted_noskip\resources\fishing\fish_ocean\11.png
fishing\fish_ocean\12.png,fishing,png,890,36,26,27f9b14d8c79ed3891153154a0560f3fd85045ce771eb9b52a86ff2bb296189b,P:\projects\Majestic\Sonar\01_reverse_engineering\kortexworker.exe_extracted_noskip\resources\fishing\fish_ocean\12.png
fishing\fish_ocean\13.png,fishing,png,1371,45,31,959a643230309b6fdff7f8815d97c4b156ea11aafd931abf24bb47025c9094bf,P:\projects\Majestic\Sonar\01_reverse_engineering\kortexworker.exe_extracted_noskip\resources\fishing\fish_ocean\13.png
fishing\fish_ocean\14.png,fishing,png,1957,63,46,06e312a092a5e5570893b679a36efd3e1df0dfe2fe1c11d8fb075b74c929fb1c,P:\projects\Majestic\Sonar\01_reverse_engineering\kortexworker.exe_extracted_noskip\resources\fishing\fish_ocean\14.png
fishing\fish_ocean\15.png,fishing,png,3310,95,60,7d05b71935ce89f3f1d55d8a9483e2efdd7b8f1925b7b8c44952fa179011cb6e,P:\projects\Majestic\Sonar\01_reverse_engineering\kortexworker.exe_extracted_noskip\resources\fishing\fish_ocean\15.png
fishing\fish_ocean\2.png,fishing,png,551,23,17,7b7848eb665ed9afd5343a15975edf20c086028c6a0d4884485fb4fad1fe1686,P:\projects\Majestic\Sonar\01_reverse_engineering\kortexworker.exe_extracted_noskip\resources\fishing\fish_ocean\2.png
fishing\fish_ocean\3.png,fishing,png,347,16,13,6a33bf507fc70ef3ecb85c4da9fa0965a89980b5919b787445b0105a19a913a9,P:\projects\Majestic\Sonar\01_reverse_engineering\kortexworker.exe_extracted_noskip\resources\fishing\fish_ocean\3.png
fishing\fish_ocean\4.png,fishing,png,418,19,12,d46ba325b517d31d31fecd91114b97acb719f6abb322ae4511b6b64ca467d467,P:\projects\Majestic\Sonar\01_reverse_engineering\kortexworker.exe_extracted_noskip\resources\fishing\fish_ocean\4.png
fishing\fish_ocean\5.png,fishing,png,535,24,15,c53d17edc798f07b7f015cffe3de8020a304dd1fbe654beb079c28e9619e94ea,P:\projects\Majestic\Sonar\01_reverse_engineering\kortexworker.exe_extracted_noskip\resources\fishing\fish_ocean\5.png
fishing\fish_ocean\6.png,fishing,png,631,26,17,d476e8be3545a755c5d880625ecc11fbe40c705987ed01d4d2c5bb255db14864,P:\projects\Majestic\Sonar\01_reverse_engineering\kortexworker.exe_extracted_noskip\resources\fishing\fish_ocean\6.png
fishing\fish_ocean\7.png,fishing,png,747,28,21,2a49aaafc2f9623efbed6bc7fecc25d8951a23f7a17bf264bc0ddef95d8f2893,P:\projects\Majestic\Sonar\01_reverse_engineering\kortexworker.exe_extracted_noskip\resources\fishing\fish_ocean\7.png
fishing\fish_ocean\8.png,fishing,png,1808,44,30,0f9869e3686016ecd9eb9e931e0d5e2e2d3edc941b595206579ea72581cbf914,P:\projects\Majestic\Sonar\01_reverse_engineering\kortexworker.exe_extracted_noskip\resources\fishing\fish_ocean\8.png
fishing\fish_ocean\9.png,fishing,png,913,33,23,f7ae96020a8521e99abb0bb4f89f6100ea82340edc31e37d24b6d6b750fb0b98,P:\projects\Majestic\Sonar\01_reverse_engineering\kortexworker.exe_extracted_noskip\resources\fishing\fish_ocean\9.png
fishing\fishHd\albula.png,fishing,png,31962,300,200,18abc7a71e593f07c0cb1eeb0915358f836bdc1609a6eb15e88d9c239d3089ad,P:\projects\Majestic\Sonar\01_reverse_engineering\kortexworker.exe_extracted_noskip\resources\fishing\fishHd\albula.png
fishing\fishHd\ancient_gyneria.png,fishing,png,41422,300,200,ec85da9f8e816ea02c3cabab6aa7c1f12d1ce0629366f26da7ab0c145cc18ab2,P:\projects\Majestic\Sonar\01_reverse_engineering\kortexworker.exe_extracted_noskip\resources\fishing\fishHd\ancient_gyneria.png
fishing\fishHd\barracuda.png,fishing,png,22676,300,200,6fb0c397571dac72db3cf3c7813d5712bbb27ff51c0f863145e22ec3695580bd,P:\projects\Majestic\Sonar\01_reverse_engineering\kortexworker.exe_extracted_noskip\resources\fishing\fishHd\barracuda.png
fishing\fishHd\bream_leshch.png,fishing,png,51394,415,250,1a75e806399521c5d557205f45022eb9175477552ed724b1f183f30d6f6ca1c5,P:\projects\Majestic\Sonar\01_reverse_engineering\kortexworker.exe_extracted_noskip\resources\fishing\fishHd\bream_leshch.png
fishing\fishHd\common_snook.png,fishing,png,71312,415,250,56f593b0f72384572f08b087a3acd7b5989007c1a31292832d654009936ff697,P:\projects\Majestic\Sonar\01_reverse_engineering\kortexworker.exe_extracted_noskip\resources\fishing\fishHd\common_snook.png
fishing\fishHd\golavl.png,fishing,png,34016,300,200,bdeffd1ced43328f02bfda759428cff95259759d7f7e1202b2612fd89c3e53e8,P:\projects\Majestic\Sonar\01_reverse_engineering\kortexworker.exe_extracted_noskip\resources\fishing\fishHd\golavl.png
fishing\fishHd\korichnevy_som.png,fishing,png,39244,300,200,eb9e1f88465df6b64b2998b36ba6cbee6c5cad19321043a07759db146ffdbb17,P:\projects\Majestic\Sonar\01_reverse_engineering\kortexworker.exe_extracted_noskip\resources\fishing\fishHd\korichnevy_som.png
fishing\fishHd\krasny_gorbyl.png,fishing,png,33751,300,200,0a481863c0795d14bede05565c010f3a85bd7e3cb5c2b2d7ae318aa8827e9fa6,P:\projects\Majestic\Sonar\01_reverse_engineering\kortexworker.exe_extracted_noskip\resources\fishing\fishHd\krasny_gorbyl.png
fishing\fishHd\krugly_trahinot.png,fishing,png,38297,300,200,0828f888a712fa323eb90a532a71acab2e033e170f40864c42b572ee9c9bca38,P:\projects\Majestic\Sonar\01_reverse_engineering\kortexworker.exe_extracted_noskip\resources\fishing\fishHd\krugly_trahinot.png
fishing\fishHd\marlin.png,fishing,png,43825,415,250,35f603546c448f7bff545ef95130c2436cef8369425b6d3ac9a7382715d3da7d,P:\projects\Majestic\Sonar\01_reverse_engineering\kortexworker.exe_extracted_noskip\resources\fishing\fishHd\marlin.png
fishing\fishHd\obyknovennaya_shchuka.png,fishing,png,70102,415,250,137fb4417802ace114dbb9cb7a1796a9027ef71b401554d4722d52527026dfa9,P:\projects\Majestic\Sonar\01_reverse_engineering\kortexworker.exe_extracted_noskip\resources\fishing\fishHd\obyknovennaya_shchuka.png
fishing\fishHd\polosaty_lavrak.png,fishing,png,40801,300,200,666974017871290148204178f3f22ede4f69c5611509c5a2ad8e209a7d563dbe,P:\projects\Majestic\Sonar\01_reverse_engineering\kortexworker.exe_extracted_noskip\resources\fishing\fishHd\polosaty_lavrak.png
fishing\fishHd\pribrezhny_bass.png,fishing,png,41174,300,200,6a33be89e779e1b1aaae02d0ae76e5c8cddf3cca18e7a07dadf3bb55bf210a07,P:\projects\Majestic\Sonar\01_reverse_engineering\kortexworker.exe_extracted_noskip\resources\fishing\fishHd\pribrezhny_bass.png
fishing\fishHd\raduzhnaya_forel.png,fishing,png,48362,415,250,404278c40bca48dab0f380bf74974a02a1276a837976c36aeefad05485296848,P:\projects\Majestic\Sonar\01_reverse_engineering\kortexworker.exe_extracted_noskip\resources\fishing\fishHd\raduzhnaya_forel.png
fishing\fishHd\rechnoy_okun.png,fishing,png,55421,415,250,0511ba88e657a4e316abb81369dfb73f43a0f5576c0926d3e5655209472091a6,P:\projects\Majestic\Sonar\01_reverse_engineering\kortexworker.exe_extracted_noskip\resources\fishing\fishHd\rechnoy_okun.png
fishing\fishHd\roach_plotva.png,fishing,png,36872,300,200,7f33a88c3f3ce6308ae07ecce109c8d5a945cd087ab8bf731fb674b8677ba6ad,P:\projects\Majestic\Sonar\01_reverse_engineering\kortexworker.exe_extracted_noskip\resources\fishing\fishHd\roach_plotva.png
fishing\fishHd\roach_vobla.png,fishing,png,48972,300,200,0a013299d29b889d25839792682d2c61af5088ef3b396e3c5d3bc1df0a470e62,P:\projects\Majestic\Sonar\01_reverse_engineering\kortexworker.exe_extracted_noskip\resources\fishing\fishHd\roach_vobla.png
fishing\fishHd\rudd_krasnoperka.png,fishing,png,40973,300,200,e8f65e47ad44efc5b6eb1af159f18935068037646e614ae8a320fa5f176ecae0,P:\projects\Majestic\Sonar\01_reverse_engineering\kortexworker.exe_extracted_noskip\resources\fishing\fishHd\rudd_krasnoperka.png
fishing\fishHd\ruster.png,fishing,png,52584,415,250,31aafa9b61a3b64df4a7ddcdba7a9a5973ca5f22a47ecc96a1e379e658d718d4,P:\projects\Majestic\Sonar\01_reverse_engineering\kortexworker.exe_extracted_noskip\resources\fishing\fishHd\ruster.png
fishing\fishHd\sazan.png,fishing,png,43244,300,200,0daa538bd6563d632959e09d4bd6ee3c373104ae0ffc34ae6f39e29469884ff2,P:\projects\Majestic\Sonar\01_reverse_engineering\kortexworker.exe_extracted_noskip\resources\fishing\fishHd\sazan.png
fishing\fishHd\serebryany_karas.png,fishing,png,45263,300,200,f6bc700d0a66c0dea2c701d20ac8d5510923ae1aab3522eb886d73f18b1a9aae,P:\projects\Majestic\Sonar\01_reverse_engineering\kortexworker.exe_extracted_noskip\resources\fishing\fishHd\serebryany_karas.png
fishing\fishHd\seriola.png,fishing,png,54574,415,250,2d644cc3f913954e1e6f925617b608b9b3e56d91fcdc6f3e98c6d4ea39a96134,P:\projects\Majestic\Sonar\01_reverse_engineering\kortexworker.exe_extracted_noskip\resources\fishing\fishHd\seriola.png
fishing\fishHd\som_obyknovennyy.png,fishing,png,33209,300,200,225b9b80956eb3b7872d4026153fa3b02fa41f50408642b391944cc63ad221e5,P:\projects\Majestic\Sonar\01_reverse_engineering\kortexworker.exe_extracted_noskip\resources\fishing\fishHd\som_obyknovennyy.png
fishing\fishHd\steelhead_salmon.png,fishing,png,73333,415,250,88ba9f7429b23e9fdf93253d3b5b479afe464d41840c6acbe62bb510871985e4,P:\projects\Majestic\Sonar\01_reverse_engineering\kortexworker.exe_extracted_noskip\resources\fishing\fishHd\steelhead_salmon.png
fishing\fishHd\sterlet.png,fishing,png,21389,300,200,41ccf09bd9da319cc31fc70d0629629fd386fe120ad48e513037e900b67b73ae,P:\projects\Majestic\Sonar\01_reverse_engineering\kortexworker.exe_extracted_noskip\resources\fishing\fishHd\sterlet.png
fishing\fishHd\sudak_obyknovennyy.png,fishing,png,35309,300,200,e323aa7671bb32a7c968a0af5467cd895ab521c413411b3e75166060aa1c4e9b,P:\projects\Majestic\Sonar\01_reverse_engineering\kortexworker.exe_extracted_noskip\resources\fishing\fishHd\sudak_obyknovennyy.png
fishing\fishHd\tarpon.png,fishing,png,47822,415,250,892854e768d20feb58fedbe5203209994bd389a99e280335cb68fa902c6b2cd9,P:\projects\Majestic\Sonar\01_reverse_engineering\kortexworker.exe_extracted_noskip\resources\fishing\fishHd\tarpon.png
fishing\fishHd\temny_gorbyl.png,fishing,png,36294,300,200,49f2eeb8e62b47f041cfde41dba572e197884166fac8462c6fd37a5cafcca5af,P:\projects\Majestic\Sonar\01_reverse_engineering\kortexworker.exe_extracted_noskip\resources\fishing\fishHd\temny_gorbyl.png
fishing\fishHd\toksichny_okun.png,fishing,png,46027,300,200,176052b46320280855fff10713d107fe5a0fdf4ca4085bc00a74ba09b8bc0d8c,P:\projects\Majestic\Sonar\01_reverse_engineering\kortexworker.exe_extracted_noskip\resources\fishing\fishHd\toksichny_okun.png
fishing\fishHd\zerkalny_karp.png,fishing,png,40194,300,200,4bed96723fdb8c654acaa228d066ab9c97f7ecae029f554eb024f07bb671862f,P:\projects\Majestic\Sonar\01_reverse_engineering\kortexworker.exe_extracted_noskip\resources\fishing\fishHd\zerkalny_karp.png
fishing\fishHd\zhereh.png,fishing,png,29475,300,200,1c2d67c37a890ac277570b90d279cac1aa1f8041600fe268842b401b3251e7c0,P:\projects\Majestic\Sonar\01_reverse_engineering\kortexworker.exe_extracted_noskip\resources\fishing\fishHd\zhereh.png
fishing\garbage\bag.png,fishing,png,14490,53,90,b060558cb8470ea322cf61a4230c159b8daa1cba70288966ca6d44d3cbd57c34,P:\projects\Majestic\Sonar\01_reverse_engineering\kortexworker.exe_extracted_noskip\resources\fishing\garbage\bag.png
fishing\garbage\bag2k.png,fishing,png,24948,73,117,01e3f3245114755fd8e3533fce26bc53a75b806da40744b67a9b77a40b21b44d,P:\projects\Majestic\Sonar\01_reverse_engineering\kortexworker.exe_extracted_noskip\resources\fishing\garbage\bag2k.png
fishing\garbage\corn.png,fishing,png,9082,38,72,08f7272765900b63008ff779509d2aead3adc49e164d314d10c92adc8153c904,P:\projects\Majestic\Sonar\01_reverse_engineering\kortexworker.exe_extracted_noskip\resources\fishing\garbage\corn.png
fishing\garbage\corn2k.png,fishing,png,15671,50,94,91e2d8eff441a1adff0593f013045165b280a39fe3dc2ac7dd68a22b47fcd76f,P:\projects\Majestic\Sonar\01_reverse_engineering\kortexworker.exe_extracted_noskip\resources\fishing\garbage\corn2k.png
fishing\garbage\eject.png,fishing,png,1088,77,14,2c5dba6227153a0d6b46ea78769e5246a9b75c4fcb1277b9ec84f8a9fa4a8045,P:\projects\Majestic\Sonar\01_reverse_engineering\kortexworker.exe_extracted_noskip\resources\fishing\garbage\eject.png
fishing\garbage\eject2k.png,fishing,png,1408,98,17,8286bcba60d17d2293a0b3fd5688d926d0cd6defc2a5db1f13ac9505755fb529,P:\projects\Majestic\Sonar\01_reverse_engineering\kortexworker.exe_extracted_noskip\resources\fishing\garbage\eject2k.png
fishing\garbage\pack.png,fishing,png,1727,23,40,617f44d1d6c5bb7493cd760346dd41aab058cdc62d007224ee052ef83e34e501,P:\projects\Majestic\Sonar\01_reverse_engineering\kortexworker.exe_extracted_noskip\resources\fishing\garbage\pack.png
fishing\garbage\pack2k.png,fishing,png,2577,29,50,fc8b8d9c5a3f16476a59a3062bd108b891d6a3fb1263063496038808dc135bc2,P:\projects\Majestic\Sonar\01_reverse_engineering\kortexworker.exe_extracted_noskip\resources\fishing\garbage\pack2k.png
fishing\meal\100%.png,fishing,png,654,29,15,3dc9db8848b008de4ef0431607cfd35a37686cc8d1ae096dd6b74aebe3195644,P:\projects\Majestic\Sonar\01_reverse_engineering\kortexworker.exe_extracted_noskip\resources\fishing\meal\100%.png
fishing\meal\100%_2k.png,fishing,png,865,33,16,2d200caad4a9e8c02476c5a3ea81bb9774789689f2ed878502500b28cc149813,P:\projects\Majestic\Sonar\01_reverse_engineering\kortexworker.exe_extracted_noskip\resources\fishing\meal\100%_2k.png
fishing\meal\cocktail.png,fishing,png,1701,14,34,827ede7c11062a5a91486c2c8dd3a594fcaf43721d6a0dbbbd9b10d173c034e9,P:\projects\Majestic\Sonar\01_reverse_engineering\kortexworker.exe_extracted_noskip\resources\fishing\meal\cocktail.png
fishing\meal\cocktail2k.png,fishing,png,2718,18,45,6c4af32a288328fa799c2b4fc530d3514433e96f6a284de93ce9f87065731997,P:\projects\Majestic\Sonar\01_reverse_engineering\kortexworker.exe_extracted_noskip\resources\fishing\meal\cocktail2k.png
fishing\meal\donut.png,fishing,png,2759,38,27,a0b2b40199cd07dc0db0a162a4fff377f7ccbdebe1aac5dcf1e68edc758a4ad4,P:\projects\Majestic\Sonar\01_reverse_engineering\kortexworker.exe_extracted_noskip\resources\fishing\meal\donut.png
fishing\meal\donut2k.png,fishing,png,4743,49,37,94d0e82dc657fb879fcc3a8804235697b39a16c345963ac46388b8bd7236b520,P:\projects\Majestic\Sonar\01_reverse_engineering\kortexworker.exe_extracted_noskip\resources\fishing\meal\donut2k.png
fishing\meal\irp.png,fishing,png,7895,43,61,e5894522278f43b2236cd392363c1b9f67d51b3b4d5c57f2012e4fa07c8764c2,P:\projects\Majestic\Sonar\01_reverse_engineering\kortexworker.exe_extracted_noskip\resources\fishing\meal\irp.png
fishing\meal\irp2k.png,fishing,png,14046,59,83,1cf67be3307789c7bca9a4740067c167b61df5be18b1f92c52dd84669027df07,P:\projects\Majestic\Sonar\01_reverse_engineering\kortexworker.exe_extracted_noskip\resources\fishing\meal\irp2k.png
fishing\meal\use.png,fishing,png,1217,100,11,895cbc26f38f742563ff065f2d1282c627c86b716dd2f5977baba1038340d3ad,P:\projects\Majestic\Sonar\01_reverse_engineering\kortexworker.exe_extracted_noskip\resources\fishing\meal\use.png
fishing\meal\use2k.png,fishing,png,1605,126,16,6efb1f14b3269adbf3e80a89208b18a35e4f239c3949b38b42dccac06fc7f8f5,P:\projects\Majestic\Sonar\01_reverse_engineering\kortexworker.exe_extracted_noskip\resources\fishing\meal\use2k.png
fishing\triger\AD.png,fishing,png,993,58,28,054413586bcf4f102586b4cdc54b6154428a1c4a57257f3442a13554976b6793,P:\projects\Majestic\Sonar\01_reverse_engineering\kortexworker.exe_extracted_noskip\resources\fishing\triger\AD.png
fishing\triger\AD_2k.png,fishing,png,1264,77,36,8b261266b3c2e35c8beba7c0e8dd8beb8e8ff71a7d6109a7e8eb36fcc1637d12,P:\projects\Majestic\Sonar\01_reverse_engineering\kortexworker.exe_extracted_noskip\resources\fishing\triger\AD_2k.png
fishing\triger\advantage.png,fishing,png,618,27,25,481ddcd13c6fb5f2afa637878bd1e3471069b19f48027e2c90a7a38f6a6ac821,P:\projects\Majestic\Sonar\01_reverse_engineering\kortexworker.exe_extracted_noskip\resources\fishing\triger\advantage.png
fishing\triger\advantage2k.png,fishing,png,697,34,34,d90e335425a8bea7f4c410b6d7c8e5079564c5462a627fa46dc021045667c621,P:\projects\Majestic\Sonar\01_reverse_engineering\kortexworker.exe_extracted_noskip\resources\fishing\triger\advantage2k.png
fishing\triger\boat.png,fishing,png,320,30,16,6a31c5219d7c262ee63b5bab5c52df22969a7066dfdb7e5245ffc638734cfef9,P:\projects\Majestic\Sonar\01_reverse_engineering\kortexworker.exe_extracted_noskip\resources\fishing\triger\boat.png
fishing\triger\boat2k.png,fishing,png,403,45,25,3d814ed0ee987f2443efd6d4fef1064c6e92774ab6e76de7cab824c12a66b011,P:\projects\Majestic\Sonar\01_reverse_engineering\kortexworker.exe_extracted_noskip\resources\fishing\triger\boat2k.png
fishing\triger\bubles.png,fishing,png,411,21,33,032ba14f8e741287803be5e368ef3d57ca4671aaf48d14134b6597020cf433e6,P:\projects\Majestic\Sonar\01_reverse_engineering\kortexworker.exe_extracted_noskip\resources\fishing\triger\bubles.png
fishing\triger\bubles_2k.png,fishing,png,563,22,44,5c97409494d5dbf63e2670124c991d320f0e9bc6788cc4713ba0ffb81f949d40,P:\projects\Majestic\Sonar\01_reverse_engineering\kortexworker.exe_extracted_noskip\resources\fishing\triger\bubles_2k.png
fishing\triger\change_boat.png,fishing,png,441,49,24,5d591dd5f4e0eceb5f0ae14a8ebb610a2034a3f5f28d4be9bf61591f7dd57f7c,P:\projects\Majestic\Sonar\01_reverse_engineering\kortexworker.exe_extracted_noskip\resources\fishing\triger\change_boat.png
fishing\triger\change_boat2k.png,fishing,png,541,62,34,9491c3cb6ca11232c34d790c07144fb9bc03dd27acb02f116510d0e2d0f58b21,P:\projects\Majestic\Sonar\01_reverse_engineering\kortexworker.exe_extracted_noskip\resources\fishing\triger\change_boat2k.png
fishing\triger\changeBait.png,fishing,png,2195,177,11,2b71a9e91ab58ff5a3962d924e22e81619eade3bbc1f91273ca6fe4d836ad4bf,P:\projects\Majestic\Sonar\01_reverse_engineering\kortexworker.exe_extracted_noskip\resources\fishing\triger\changeBait.png
fishing\triger\changed_Bait2k.png,fishing,png,3929,227,12,b1cd18c43cc325ee63d882160d90ed4c5c69ca3657424c4118f6cdd07a906269,P:\projects\Majestic\Sonar\01_reverse_engineering\kortexworker.exe_extracted_noskip\resources\fishing\triger\changed_Bait2k.png
fishing\triger\gear.png,fishing,png,4088,211,10,a5d5ed419b3fb4394004a8236e37ca668a16348af7e27a817d34a3e429c9bce4,P:\projects\Majestic\Sonar\01_reverse_engineering\kortexworker.exe_extracted_noskip\resources\fishing\triger\gear.png
fishing\triger\gear_2k.png,fishing,png,5740,272,14,076f707cd00af074e6909748a028800cf20a0c99a4b698ac6c79cec1870ffb48,P:\projects\Majestic\Sonar\01_reverse_engineering\kortexworker.exe_extracted_noskip\resources\fishing\triger\gear_2k.png
fishing\triger\human.png,fishing,png,339,15,32,030bca8215b8afd02236b6fb992ea176c3aab78a91f3bcfca78379e7e0489daf,P:\projects\Majestic\Sonar\01_reverse_engineering\kortexworker.exe_extracted_noskip\resources\fishing\triger\human.png
fishing\triger\human2k.png,fishing,png,412,19,43,bbb66d175e0117c86788e2bbcb9fd0efb0e3114795044baa23ba71b77e947dc7,P:\projects\Majestic\Sonar\01_reverse_engineering\kortexworker.exe_extracted_noskip\resources\fishing\triger\human2k.png
fishing\triger\hunger.png,fishing,png,572,29,29,1a9eff520f4b40bbbaabc61d9aff3c5ab72a3baa7a839ed6604be30dd883da20,P:\projects\Majestic\Sonar\01_reverse_engineering\kortexworker.exe_extracted_noskip\resources\fishing\triger\hunger.png
fishing\triger\hunger2k.png,fishing,png,593,39,33,f6a2f67dded3df61ccb4ba584e2ead02d51ba7e169dc1640190cad70e5c081f5,P:\projects\Majestic\Sonar\01_reverse_engineering\kortexworker.exe_extracted_noskip\resources\fishing\triger\hunger2k.png
fishing\triger\pereves.png,fishing,png,2389,233,12,afa9430dfcb885dee54a4dd3aff54ce2b7335799078ecf894baa20e463eb9935,P:\projects\Majestic\Sonar\01_reverse_engineering\kortexworker.exe_extracted_noskip\resources\fishing\triger\pereves.png
fishing\triger\pereves2k.png,fishing,png,3193,306,13,77bd67bd4345294cc187423407f9ac0c7f72efc6a0d814956887753ee9b3bd0b,P:\projects\Majestic\Sonar\01_reverse_engineering\kortexworker.exe_extracted_noskip\resources\fishing\triger\pereves2k.png
fishing\triger\red.png,fishing,png,147,77,5,17ff0da89da44f717856ce7eed7018ecae14bf1a320fe07ed68c4f43d597e20c,P:\projects\Majestic\Sonar\01_reverse_engineering\kortexworker.exe_extracted_noskip\resources\fishing\triger\red.png
fishing\triger\red_2k.png,fishing,png,158,110,7,7672c08bca10489630a8eaf528f8bd70f8413562ae56f1b817778e1b28946fdd,P:\projects\Majestic\Sonar\01_reverse_engineering\kortexworker.exe_extracted_noskip\resources\fishing\triger\red_2k.png
fishing\triger\start.png,fishing,png,3182,348,12,348dd133e322510bf0c7e3e76d90442f17a8cee82512c388f4928ef65646cdb8,P:\projects\Majestic\Sonar\01_reverse_engineering\kortexworker.exe_extracted_noskip\resources\fishing\triger\start.png
fishing\triger\start1.png,fishing,png,3080,355,11,d633f45ee31ebedef1e1a47de1d9f1ec1f5435e12f75bd45b11a295beb404103,P:\projects\Majestic\Sonar\01_reverse_engineering\kortexworker.exe_extracted_noskip\resources\fishing\triger\start1.png
fishing\triger\start1_2k.png,fishing,png,4133,478,18,917c6acf8a94b4e7fc7fbbe915e2c4681d680a32fa8b9456b53a6449d00e4132,P:\projects\Majestic\Sonar\01_reverse_engineering\kortexworker.exe_extracted_noskip\resources\fishing\triger\start1_2k.png
fishing\triger\start2.png,fishing,png,3006,337,12,5eb99c9c49fcd2d80541b05afeb017e3a7c33b0274cec40f86f4048890622d4c,P:\projects\Majestic\Sonar\01_reverse_engineering\kortexworker.exe_extracted_noskip\resources\fishing\triger\start2.png
fishing\triger\start2_2k.png,fishing,png,3861,444,16,6c5880bf1b38ee5b2bc05bf8e0e41c3e6d118a2fb923f366a22118b416c5e2f0,P:\projects\Majestic\Sonar\01_reverse_engineering\kortexworker.exe_extracted_noskip\resources\fishing\triger\start2_2k.png
fishing\triger\start2k.png,fishing,png,4174,463,17,92f88607bcac661822824871562698259276450d97584ae36a0ff79e97bbfb82,P:\projects\Majestic\Sonar\01_reverse_engineering\kortexworker.exe_extracted_noskip\resources\fishing\triger\start2k.png
fishing\triger\thirst.png,fishing,png,726,28,29,bf69da4a6377bd6659c9525c495914a345d5edd4a79b27a2913111f82f5975e7,P:\projects\Majestic\Sonar\01_reverse_engineering\kortexworker.exe_extracted_noskip\resources\fishing\triger\thirst.png
fishing\triger\thirst2k.png,fishing,png,552,37,37,767b7abb6a7c260a963dc04e2e11fa0b7e411e5160ca4efc0a833c4888cde282,P:\projects\Majestic\Sonar\01_reverse_engineering\kortexworker.exe_extracted_noskip\resources\fishing\triger\thirst2k.png
icon.ico,icon.ico,ico,67226,,,534ea9b344ce90a2ba6f48c169459cf778d265c81c97d52ee38f2041e45ac5c9,P:\projects\Majestic\Sonar\01_reverse_engineering\kortexworker.exe_extracted_noskip\resources\icon.ico
icon.jpeg,icon.jpeg,jpeg,273711,,,937f4ac05f7e1eb3eca756a54428c5deebd4c633741f033e0e3e5bd2ab0e222e,P:\projects\Majestic\Sonar\01_reverse_engineering\kortexworker.exe_extracted_noskip\resources\icon.jpeg
