library,label,address,original_imported_name
"KERNEL32.DLL","GetEnvironmentVariableW","04bc0b82",""
"KERNEL32.DLL","GetModuleHandleExA","04bc0be4",""
"KERNEL32.DLL","SetEnvironmentVariableW","04bc0d32",""
"KERNEL32.DLL","GetShortPathNameW","04bc0c0c",""
"KERNEL32.DLL","GetModuleFileNameW","04bc0bba",""
"KERNEL32.DLL","CreateFileW","04bc0af0",""
"KERNEL32.DLL","GetModuleHandleA","04bc0bd0",""
"KERNEL32.DLL","GetProcAddress","04bc0bfa",""
"KERNEL32.DLL","CloseHandle","04bc0ac0",""
"KERNEL32.DLL","VirtualQuery","04bc0d96",""
"KERNEL32.DLL","VirtualProtect","04bc0d84",""
"KERNEL32.DLL","GetLastError","04bc0baa",""
"KERNEL32.DLL","EnterCriticalSection","04bc0b24",""
"KERNEL32.DLL","LeaveCriticalSection","04bc0c7a",""
"KERNEL32.DLL","TlsGetValue","04bc0d64",""
"KERNEL32.DLL","InitializeCriticalSection","04bc0c4a",""
"KERNEL32.DLL","DeleteCriticalSection","04bc0afe",""
"KERNEL32.DLL","GetCurrentProcessId","04bc0b6c",""
"KERNEL32.DLL","GetTempPathW","04bc0c3a",""
"KERNEL32.DLL","UnmapViewOfFile","04bc0d72",""
"KERNEL32.DLL","CreateFileMappingW","04bc0ada",""
"KERNEL32.DLL","LoadLibraryExW","04bc0ca2",""
"KERNEL32.DLL","FreeLibrary","04bc0b5e",""
"KERNEL32.DLL","DeleteFileW","04bc0b16",""
"KERNEL32.DLL","LoadLibraryA","04bc0c92",""
"KERNEL32.DLL","GetFileSize","04bc0b9c",""
"KERNEL32.DLL","SetErrorMode","04bc0d4c",""
"KERNEL32.DLL","Sleep","04bc0d5c",""
"KERNEL32.DLL","LoadResource","04bc0cb4",""
"KERNEL32.DLL","ReadFile","04bc0cfa",""
"KERNEL32.DLL","SetConsoleCtrlHandler","04bc0d06",""
"KERNEL32.DLL","FindResourceA","04bc0b3c",""
"KERNEL32.DLL","IsDBCSLeadByteEx","04bc0c66",""
"KERNEL32.DLL","WideCharToMultiByte","04bc0da6",""
"KERNEL32.DLL","CopyFileW","04bc0ace",""
"KERNEL32.DLL","GetSystemTimeAsFileTime","04bc0c20",""
"KERNEL32.DLL","LockResource","04bc0cc4",""
"KERNEL32.DLL","MultiByteToWideChar","04bc0ce4",""
"KERNEL32.DLL","FormatMessageA","04bc0b4c",""
"KERNEL32.DLL","MapViewOfFile","04bc0cd4",""
"KERNEL32.DLL","SetDllDirectoryW","04bc0d1e",""
"KERNEL32.DLL","WriteFile","04bc0dbc",""
"MSVCRT.DLL","__argc","04bc0df4",""
"MSVCRT.DLL","__wargv","04bc0e20",""
"MSVCRT.DLL","abort","04bc0e8a",""
"MSVCRT.DLL","___lc_codepage_func","04bc0dc8",""
"MSVCRT.DLL","___mb_cur_max_func","04bc0dde",""
"MSVCRT.DLL","__iob_func","04bc0dfe",""
"MSVCRT.DLL","_amsg_exit","04bc0e2a",""
"MSVCRT.DLL","_errno","04bc0e38",""
"MSVCRT.DLL","_initterm","04bc0e42",""
"MSVCRT.DLL","_lock","04bc0e4e",""
"MSVCRT.DLL","_unlock","04bc0e56",""
"MSVCRT.DLL","_wcsdup","04bc0e60",""
"MSVCRT.DLL","calloc","04bc0e92",""
"MSVCRT.DLL","fgetwc","04bc0e9c",""
"MSVCRT.DLL","fwprintf","04bc0ea6",""
"MSVCRT.DLL","fputc","04bc0eb2",""
"MSVCRT.DLL","fputwc","04bc0eba",""
"MSVCRT.DLL","free","04bc0ec4",""
"MSVCRT.DLL","fwrite","04bc0ecc",""
"MSVCRT.DLL","iswctype","04bc0ed6",""
"MSVCRT.DLL","localeconv","04bc0eea",""
"MSVCRT.DLL","malloc","04bc0ef8",""
"MSVCRT.DLL","mbstowcs","04bc0f02",""
"MSVCRT.DLL","memcpy","04bc0f18",""
"MSVCRT.DLL","memset","04bc0f2c",""
"MSVCRT.DLL","realloc","04bc0f3e",""
"MSVCRT.DLL","strlen","04bc0f68",""
"MSVCRT.DLL","strncmp","04bc0f72",""
"MSVCRT.DLL","towlower","04bc0f90",""
"MSVCRT.DLL","ungetwc","04bc0f9c",""
"MSVCRT.DLL","vfprintf","04bc0fa6",""
"MSVCRT.DLL","wcscmp","04bc0fb2",""
"MSVCRT.DLL","wcslen","04bc0fbc",""
"MSVCRT.DLL","wcsncmp","04bc0fc6",""
"MSVCRT.DLL","wcstol","04bc0fd0",""
"MSVCRT.DLL","wcstoul","04bc0fda",""
"MSVCRT.DLL","memcmp","04bc0f0e",""
"MSVCRT.DLL","memmove","04bc0f22",""
"MSVCRT.DLL","puts","04bc0f36",""
"MSVCRT.DLL","strchr","04bc0f48",""
"MSVCRT.DLL","strcmp","04bc0f52",""
"MSVCRT.DLL","strncpy","04bc0f7c",""
"MSVCRT.DLL","strrchr","04bc0f86",""
"MSVCRT.DLL","__setusermatherr","04bc0e0c",""
"MSVCRT.DLL","strerror","04bc0f5c",""
"MSVCRT.DLL","_wrename","04bc0e76",""
"MSVCRT.DLL","_wcsicmp","04bc0e6a",""
"MSVCRT.DLL","_wtoi","04bc0e82",""
"MSVCRT.DLL","ldexp","04bc0ee2",""
"SHELL32.DLL","SHGetFolderPathW","04bc0fe4",""
"USER32.DLL","DefWindowProcW","04bc101c",""
"USER32.DLL","GetWindowLongPtrW","04bc1080",""
"USER32.DLL","DestroyWindow","04bc102e",""
"USER32.DLL","PostQuitMessage","04bc10d4",""
"USER32.DLL","GetWindowTextW","04bc10a4",""
"USER32.DLL","SetWindowLongPtrW","04bc1104",""
"USER32.DLL","PostMessageA","04bc10c4",""
"USER32.DLL","GetParent","04bc1074",""
"USER32.DLL","CallWindowProcA","04bc0ff8",""
"USER32.DLL","GetWindowRect","04bc1094",""
"USER32.DLL","GetMessageW","04bc1066",""
"USER32.DLL","LoadCursorA","04bc10b6",""
"USER32.DLL","RegisterClassW","04bc10e6",""
"USER32.DLL","SetFocus","04bc10f8",""
"USER32.DLL","TranslateMessage","04bc1118",""
"USER32.DLL","DispatchMessageW","04bc103e",""
"USER32.DLL","CreateWindowExW","04bc100a",""
"USER32.DLL","UnregisterClassW","04bc112c",""
"USER32.DLL","GetDesktopWindow","04bc1052",""
"PYTHON311.DLL","PyObject_GC_Del","04bc1150",""
"PYTHON311.DLL","_PyObject_GC_NewVar","04bc117c",""
"PYTHON311.DLL","PyIter_Send","04bc1194",""
"PYTHON311.DLL","PyIter_Next","04bc11a4",""
"PYTHON311.DLL","PyObject_GetIter","04bc11b4",""
"PYTHON311.DLL","PyMapping_Check","04bc11f8",""
"PYTHON311.DLL","PySequence_List","04bc1224",""
"PYTHON311.DLL","PyNumber_Positive","04bc12e4",""
"PYTHON311.DLL","PyNumber_InPlaceLshift","04bc132c",""
"PYTHON311.DLL","PyNumber_InPlaceOr","04bc1348",""
"PYTHON311.DLL","PyNumber_FloorDivide","04bc1360",""
"PYTHON311.DLL","PyNumber_Add","04bc1378",""
"PYTHON311.DLL","PyNumber_Subtract","04bc1388",""
"PYTHON311.DLL","PyBool_Type","04bc1420",""
"PYTHON311.DLL","_Py_FalseStruct","04bc1430",""
"PYTHON311.DLL","_PyByteArray_empty_string","04bc1458",""
"PYTHON311.DLL","PyByteArray_Type","04bc1478",""
"PYTHON311.DLL","PyByteArray_FromStringAndSize","04bc148c",""
"PYTHON311.DLL","PyBytes_Type","04bc14cc",""
"PYTHON311.DLL","PyBytes_FromString","04bc14f0",""
"PYTHON311.DLL","PyObject_CallFunctionObjArgs","04bc1508",""
"PYTHON311.DLL","PyObject_CallMethodObjArgs","04bc1528",""
"PYTHON311.DLL","PyObject_Call","04bc1564",""
"PYTHON311.DLL","PyCapsule_New","04bc1578",""
"PYTHON311.DLL","PyMethod_Type","04bc158c",""
"PYTHON311.DLL","PyCode_Type","04bc15a0",""
"PYTHON311.DLL","PyCode_Addr2Line","04bc15b0",""
"PYTHON311.DLL","PyComplex_Type","04bc15e4",""
"PYTHON311.DLL","PyComplex_FromDoubles","04bc15f8",""
"PYTHON311.DLL","PyProperty_Type","04bc1614",""
"PYTHON311.DLL","PyDictItems_Type","04bc1628",""
"PYTHON311.DLL","PyDictKeys_Type","04bc163c",""
"PYTHON311.DLL","PyDictValues_Type","04bc1650",""
"PYTHON311.DLL","PyDict_Type","04bc1668",""
"PYTHON311.DLL","PyDict_DelItemString","04bc1678",""
"PYTHON311.DLL","PyDict_Clear","04bc16fc",""
"PYTHON311.DLL","PyDict_GetItem","04bc1734",""
"PYTHON311.DLL","_PyDict_MaybeUntrack","04bc1760",""
"PYTHON311.DLL","PyDict_New","04bc1778",""
"PYTHON311.DLL","PyEnum_Type","04bc1788",""
"PYTHON311.DLL","PyReversed_Type","04bc1798",""
"PYTHON311.DLL","PyExc_ImportWarning","04bc17ac",""
"PYTHON311.DLL","PyExc_Exception","04bc17c4",""
"PYTHON311.DLL","PyExc_KeyError","04bc17d8",""
"PYTHON311.DLL","PyExc_RuntimeError","04bc17ec",""
"PYTHON311.DLL","PyExc_IOError","04bc1804",""
"PYTHON311.DLL","PyExc_UnboundLocalError","04bc1818",""
"PYTHON311.DLL","PyExc_MemoryError","04bc1834",""
"PYTHON311.DLL","PyExc_KeyboardInterrupt","04bc184c",""
"PYTHON311.DLL","PyExc_RecursionError","04bc1868",""
"PYTHON311.DLL","PyExc_PermissionError","04bc1880",""
"PYTHON311.DLL","PyExc_TimeoutError","04bc189c",""
"PYTHON311.DLL","PyExc_WindowsError","04bc18b4",""
"PYTHON311.DLL","PyExc_AttributeError","04bc18cc",""
"PYTHON311.DLL","PyExc_SystemExit","04bc18e4",""
"PYTHON311.DLL","PyExc_ZeroDivisionError","04bc18f8",""
"PYTHON311.DLL","PyExc_ValueError","04bc1914",""
"PYTHON311.DLL","PyExc_BaseException","04bc1928",""
"PYTHON311.DLL","PyExc_OverflowError","04bc1940",""
"PYTHON311.DLL","PyExc_ConnectionResetError","04bc1958",""
"PYTHON311.DLL","PyExc_UnicodeError","04bc1978",""
"PYTHON311.DLL","PyExc_UnicodeDecodeError","04bc1990",""
"PYTHON311.DLL","PyExc_SyntaxError","04bc19ac",""
"PYTHON311.DLL","PyExc_EnvironmentError","04bc19c4",""
"PYTHON311.DLL","PyExc_EOFError","04bc19e0",""
"PYTHON311.DLL","PyExc_StopIteration","04bc19f4",""
"PYTHON311.DLL","PyExc_OSError","04bc1a0c",""
"PYTHON311.DLL","PyExc_BlockingIOError","04bc1a20",""
"PYTHON311.DLL","PyExc_NotImplementedError","04bc1a3c",""
"PYTHON311.DLL","PyExc_StopAsyncIteration","04bc1a5c",""
"PYTHON311.DLL","PyExc_TypeError","04bc1a78",""
"PYTHON311.DLL","PyExc_NameError","04bc1a8c",""
"PYTHON311.DLL","PyExc_LookupError","04bc1aa0",""
"PYTHON311.DLL","PyExc_IndexError","04bc1ab8",""
"PYTHON311.DLL","PyExc_UnicodeEncodeError","04bc1acc",""
"PYTHON311.DLL","PyExc_ImportError","04bc1ae8",""
"PYTHON311.DLL","PyExc_SystemError","04bc1b00",""
"PYTHON311.DLL","PyExc_AssertionError","04bc1b18",""
"PYTHON311.DLL","PyExc_ConnectionError","04bc1b30",""
"PYTHON311.DLL","PyExc_GeneratorExit","04bc1b4c",""
"PYTHON311.DLL","PyExc_FileNotFoundError","04bc1b64",""
"PYTHON311.DLL","PyExc_ModuleNotFoundError","04bc1b80",""
"PYTHON311.DLL","PyFloat_Type","04bc1ba0",""
"PYTHON311.DLL","PyFloat_FromDouble","04bc1bc8",""
"PYTHON311.DLL","PyFrame_Type","04bc1be0",""
"PYTHON311.DLL","PyFunction_Type","04bc1bf0",""
"PYTHON311.DLL","PyStaticMethod_Type","04bc1c04",""
"PYTHON311.DLL","PyClassMethod_Type","04bc1c1c",""
"PYTHON311.DLL","Py_GenericAliasType","04bc1c34",""
"PYTHON311.DLL","_PyAsyncGenWrappedValue_Type","04bc1c60",""
"PYTHON311.DLL","PyCoro_Type","04bc1c80",""
"PYTHON311.DLL","PyGen_Type","04bc1c90",""
"PYTHON311.DLL","PyAsyncGen_Type","04bc1ca0",""
"PYTHON311.DLL","PySeqIter_Type","04bc1cb4",""
"PYTHON311.DLL","PyCallIter_Type","04bc1cc8",""
"PYTHON311.DLL","PyList_Type","04bc1cdc",""
"PYTHON311.DLL","PyList_Sort","04bc1cec",""
"PYTHON311.DLL","PyList_SetSlice","04bc1cfc",""
"PYTHON311.DLL","PyList_Append","04bc1d10",""
"PYTHON311.DLL","PyList_Size","04bc1d24",""
"PYTHON311.DLL","PyList_New","04bc1d34",""
"PYTHON311.DLL","PyLong_Type","04bc1d44",""
"PYTHON311.DLL","PyLong_FromUnicodeObject","04bc1d54",""
"PYTHON311.DLL","PyLong_FromString","04bc1d70",""
"PYTHON311.DLL","PyLong_AsSsize_t","04bc1db8",""
"PYTHON311.DLL","PyLong_AsLongAndOverflow","04bc1de0",""
"PYTHON311.DLL","_PyLong_Copy","04bc1dfc",""
"PYTHON311.DLL","PyMemoryView_Type","04bc1e1c",""
"PYTHON311.DLL","PyCFunction_Type","04bc1e34",""
"PYTHON311.DLL","PyCMethod_New","04bc1e48",""
"PYTHON311.DLL","PyModule_Type","04bc1e5c",""
"PYTHON311.DLL","PyModuleDef_Type","04bc1e70",""
"PYTHON311.DLL","PyModule_GetState","04bc1e84",""
"PYTHON311.DLL","PyModule_GetDef","04bc1e9c",""
"PYTHON311.DLL","PyModule_ExecDef","04bc1ef8",""
"PYTHON311.DLL","PyModule_FromDefAndSpec2","04bc1f0c",""
"PYTHON311.DLL","PyModule_NewObject","04bc1f28",""
"PYTHON311.DLL","_Py_NoneStruct","04bc1f40",""
"PYTHON311.DLL","_Py_NotImplementedStruct","04bc1f54",""
"PYTHON311.DLL","_Py_Dealloc","04bc1f70",""
"PYTHON311.DLL","PyCallable_Check","04bc1f90",""
"PYTHON311.DLL","PyObject_IsTrue","04bc1fa4",""
"PYTHON311.DLL","PyObject_GenericSetAttr","04bc1fb8",""
"PYTHON311.DLL","PyObject_SelfIter","04bc1fd4",""
"PYTHON311.DLL","PyObject_SetAttrString","04bc2014",""
"PYTHON311.DLL","_PyObject_New","04bc20c0",""
"PYTHON311.DLL","PyObject_Free","04bc20e8",""
"PYTHON311.DLL","PyObject_Realloc","04bc20fc",""
"PYTHON311.DLL","PyMem_Free","04bc2110",""
"PYTHON311.DLL","PyMem_GetAllocator","04bc2130",""
"PYTHON311.DLL","PyRange_Type","04bc2148",""
"PYTHON311.DLL","PyFrozenSet_Type","04bc2158",""
"PYTHON311.DLL","PySet_Type","04bc216c",""
"PYTHON311.DLL","_PySet_Update","04bc217c",""
"PYTHON311.DLL","PySlice_Type","04bc21ec",""
"PYTHON311.DLL","_Py_EllipsisObject","04bc21fc",""
"PYTHON311.DLL","PyEllipsis_Type","04bc2214",""
"PYTHON311.DLL","PyStructSequence_InitType","04bc2228",""
"PYTHON311.DLL","PyStructSequence_New","04bc2248",""
"PYTHON311.DLL","PyTuple_Type","04bc2260",""
"PYTHON311.DLL","_PyTuple_MaybeUntrack","04bc2270",""
"PYTHON311.DLL","PyTuple_New","04bc228c",""
"PYTHON311.DLL","PyBaseObject_Type","04bc229c",""
"PYTHON311.DLL","PySuper_Type","04bc22b4",""
"PYTHON311.DLL","PyType_Type","04bc22c4",""
"PYTHON311.DLL","PyType_Ready","04bc22d4",""
"PYTHON311.DLL","PyUnicode_Type","04bc230c",""
"PYTHON311.DLL","PyUnicode_InternInPlace","04bc2320",""
"PYTHON311.DLL","PyUnicode_RPartition","04bc2350",""
"PYTHON311.DLL","PyUnicode_Partition","04bc2368",""
"PYTHON311.DLL","PyUnicode_Concat","04bc2398",""
"PYTHON311.DLL","PyUnicode_RichCompare","04bc23ac",""
"PYTHON311.DLL","PyUnicode_FindChar","04bc23dc",""
"PYTHON311.DLL","PyUnicode_DecodeUTF8","04bc2408",""
"PYTHON311.DLL","PyUnicode_AsWideCharString","04bc2488",""
"PYTHON311.DLL","PyUnicode_FromStringAndSize","04bc24d8",""
"PYTHON311.DLL","_PyWeakref_CallableProxyType","04bc253c",""
"PYTHON311.DLL","_PyWeakref_ProxyType","04bc255c",""
"PYTHON311.DLL","_PyWeakref_RefType","04bc2574",""
"PYTHON311.DLL","_PyWeakref_ClearRef","04bc25a8",""
"PYTHON311.DLL","_PyWarnings_Init","04bc25c0",""
"PYTHON311.DLL","PyErr_WarnEx","04bc25d4",""
"PYTHON311.DLL","PyMap_Type","04bc25e4",""
"PYTHON311.DLL","PyFilter_Type","04bc25f4",""
"PYTHON311.DLL","PyZip_Type","04bc2608",""
"PYTHON311.DLL","PyEval_GetFuncName","04bc2618",""
"PYTHON311.DLL","PyEval_EvalCodeEx","04bc2630",""
"PYTHON311.DLL","_PyEval_EvalFrameDefault","04bc2648",""
"PYTHON311.DLL","PyEval_RestoreThread","04bc267c",""
"PYTHON311.DLL","_PyErr_WriteUnraisableMsg","04bc26e0",""
"PYTHON311.DLL","_PyErr_Format","04bc2710",""
"PYTHON311.DLL","PyErr_BadArgument","04bc2750",""
"PYTHON311.DLL","_PyErr_FormatFromCause","04bc2768",""
"PYTHON311.DLL","_PyErr_ChainStackItem","04bc2784",""
"PYTHON311.DLL","_PyErr_NormalizeException","04bc27a0",""
"PYTHON311.DLL","PyErr_SetNone","04bc27dc",""
"PYTHON311.DLL","PyImport_FrozenModules","04bc27f0",""
"PYTHON311.DLL","_PyArg_NoKeywords","04bc280c",""
"PYTHON311.DLL","PyArg_UnpackTuple","04bc2824",""
"PYTHON311.DLL","PyArg_ParseTuple","04bc285c",""
"PYTHON311.DLL","PyImport_ImportFrozenModule","04bc288c",""
"PYTHON311.DLL","PyImport_ExecCodeModuleEx","04bc28ac",""
"PYTHON311.DLL","_PyImport_FixupExtensionObject","04bc28e8",""
"PYTHON311.DLL","Py_NoSiteFlag","04bc2928",""
"PYTHON311.DLL","Py_NoUserSiteDirectory","04bc293c",""
"PYTHON311.DLL","Py_DontWriteBytecodeFlag","04bc2958",""
"PYTHON311.DLL","Py_DebugFlag","04bc2974",""
"PYTHON311.DLL","Py_BytesWarningFlag","04bc2984",""
"PYTHON311.DLL","Py_VerboseFlag","04bc299c",""
"PYTHON311.DLL","Py_OptimizeFlag","04bc29b0",""
"PYTHON311.DLL","Py_UTF8Mode","04bc29c4",""
"PYTHON311.DLL","Py_InteractiveFlag","04bc29d4",""
"PYTHON311.DLL","Py_InspectFlag","04bc29ec",""
"PYTHON311.DLL","Py_IgnoreEnvironmentFlag","04bc2a00",""
"PYTHON311.DLL","Py_FrozenFlag","04bc2a1c",""
"PYTHON311.DLL","PyConfig_SetArgv","04bc2a30",""
"PYTHON311.DLL","PyConfig_SetString","04bc2a44",""
"PYTHON311.DLL","_PyConfig_InitCompatConfig","04bc2a5c",""
"PYTHON311.DLL","PyWideStringList_Append","04bc2a7c",""
"PYTHON311.DLL","PyStatus_Exception","04bc2a98",""
"PYTHON311.DLL","PyMarshal_ReadObjectFromString","04bc2ab0",""
"PYTHON311.DLL","_Py_PackageContext","04bc2ad4",""
"PYTHON311.DLL","PyOS_snprintf","04bc2b00",""
"PYTHON311.DLL","Py_SetProgramName","04bc2b14",""
"PYTHON311.DLL","_PyRuntime","04bc2b2c",""
"PYTHON311.DLL","Py_ExitStatusException","04bc2b48",""
"PYTHON311.DLL","Py_InitializeFromConfig","04bc2b64",""
"PYTHON311.DLL","_PyRuntime_Initialize","04bc2b80",""
"PYTHON311.DLL","PyErr_Print","04bc2bb8",""
"PYTHON311.DLL","PySys_SetArgv","04bc2bdc",""
"PYTHON311.DLL","PySys_SetObject","04bc2bf0",""
"PYTHON311.DLL","PyTraceBack_Type","04bc2c18",""
"PYTHON311.DLL","PyUnicode_Format","04bc233c",""
"PYTHON311.DLL","PyByteArray_FromObject","04bc14b0",""
"PYTHON311.DLL","PyObject_IsInstance","04bc11e0",""
"PYTHON311.DLL","PyErr_Format","04bc2700",""
"PYTHON311.DLL","_PyType_Lookup","04bc22e4",""
"PYTHON311.DLL","PyType_IsSubtype","04bc22f8",""
"PYTHON311.DLL","PyObject_SetAttr","04bc1fec",""
"PYTHON311.DLL","Py_MakePendingCalls","04bc2664",""
"PYTHON311.DLL","PyEval_SaveThread","04bc2694",""
"PYTHON311.DLL","PyEval_AcquireThread","04bc26ac",""
"PYTHON311.DLL","PyUnicode_FromFormat","04bc24a8",""
"PYTHON311.DLL","PyUnicode_FromString","04bc24c0",""
"PYTHON311.DLL","PyUnicode_Join","04bc23c8",""
"PYTHON311.DLL","PyDict_GetItemString","04bc16a8",""
"PYTHON311.DLL","PyErr_PrintEx","04bc2bc8",""
"PYTHON311.DLL","Py_Exit","04bc2b3c",""
"PYTHON311.DLL","PyObject_GetAttr","04bc2000",""
"PYTHON311.DLL","PyDict_SetItem","04bc1720",""
"PYTHON311.DLL","PySequence_Check","04bc1268",""
"PYTHON311.DLL","PyLong_FromSsize_t","04bc1d88",""
"PYTHON311.DLL","Py_GenericAlias","04bc1c4c",""
"PYTHON311.DLL","PyNumber_AsSsize_t","04bc12b8",""
"PYTHON311.DLL","PyUnicode_GetLength","04bc2420",""
"PYTHON311.DLL","PyUnicode_Find","04bc23f4",""
"PYTHON311.DLL","PyUnicode_Substring","04bc2380",""
"PYTHON311.DLL","PyObject_GetAttrString","04bc2030",""
"PYTHON311.DLL","PyModule_GetDict","04bc1ee4",""
"PYTHON311.DLL","PyObject_SetItem","04bc13e0",""
"PYTHON311.DLL","_PyDict_NewPresized","04bc1748",""
"PYTHON311.DLL","PyImport_ImportModule","04bc2870",""
"PYTHON311.DLL","PyObject_Repr","04bc20ac",""
"PYTHON311.DLL","PySequence_Contains","04bc120c",""
"PYTHON311.DLL","PyObject_GetItem","04bc13f4",""
"PYTHON311.DLL","_PyObject_GC_Resize","04bc1164",""
"PYTHON311.DLL","PyNumber_Long","04bc12a4",""
"PYTHON311.DLL","PyNumber_Negative","04bc12fc",""
"PYTHON311.DLL","_Py_TrueStruct","04bc1444",""
"PYTHON311.DLL","PySequence_Tuple","04bc1238",""
"PYTHON311.DLL","PyLong_FromVoidPtr","04bc1da0",""
"PYTHON311.DLL","PySet_Contains","04bc21b4",""
"PYTHON311.DLL","PyObject_GetBuffer","04bc13b4",""
"PYTHON311.DLL","_PyBytes_Resize","04bc14dc",""
"PYTHON311.DLL","PyBuffer_Release","04bc13a0",""
"PYTHON311.DLL","PyErr_NoMemory","04bc273c",""
"PYTHON311.DLL","PyNumber_Float","04bc1290",""
"PYTHON311.DLL","PyFloat_FromString","04bc1bb0",""
"PYTHON311.DLL","PyDict_DelItem","04bc170c",""
"PYTHON311.DLL","PyUnicode_FromEncodedObject","04bc244c",""
"PYTHON311.DLL","PyObject_DelItem","04bc13cc",""
"PYTHON311.DLL","_PyObject_FunctionStr","04bc2080",""
"PYTHON311.DLL","PyFrozenSet_New","04bc21c8",""
"PYTHON311.DLL","PyDict_Merge","04bc16c0",""
"PYTHON311.DLL","PyDict_MergeFromSeq2","04bc16e4",""
"PYTHON311.DLL","PyObject_IsSubclass","04bc11c8",""
"PYTHON311.DLL","PySet_New","04bc21dc",""
"PYTHON311.DLL","PySet_Add","04bc21a4",""
"PYTHON311.DLL","PyLong_AsLong","04bc1dcc",""
"PYTHON311.DLL","PyUnicode_FromOrdinal","04bc246c",""
"PYTHON311.DLL","PyNumber_Invert","04bc12d0",""
"PYTHON311.DLL","PySequence_InPlaceConcat","04bc124c",""
"PYTHON311.DLL","PyObject_Dir","04bc1f80",""
"PYTHON311.DLL","PySys_GetObject","04bc2c04",""
"PYTHON311.DLL","PyNumber_ToBase","04bc127c",""
"PYTHON311.DLL","PyObject_ClearWeakRefs","04bc258c",""
"PYTHON311.DLL","PyUnicode_AsUTF8","04bc2438",""
"PYTHON311.DLL","_PyLong_New","04bc1e0c",""
"PYTHON311.DLL","PyObject_InitVar","04bc20d4",""
"PYTHON311.DLL","PyUnicode_New","04bc2528",""
"PYTHON311.DLL","_PyUnicode_Ready","04bc2514",""
"PYTHON311.DLL","PyObject_RichCompareBool","04bc204c",""
"PYTHON311.DLL","_PySet_NextEntry","04bc2190",""
"PYTHON311.DLL","PyArg_ParseTupleAndKeywords","04bc283c",""
"PYTHON311.DLL","PyModule_GetFilenameObject","04bc1eb0",""
"PYTHON311.DLL","PyModule_GetName","04bc1ed0",""
"PYTHON311.DLL","PyObject_Str","04bc209c",""
"PYTHON311.DLL","PyObject_RichCompare","04bc2068",""
"PYTHON311.DLL","PyUnicode_FromWideChar","04bc24f8",""
"PYTHON311.DLL","PyCode_NewWithPosOnlyArgs","04bc15c4",""
"PYTHON311.DLL","Py_CompileStringExFlags","04bc2b9c",""
"PYTHON311.DLL","PyImport_ExecCodeModule","04bc28cc",""
"PYTHON311.DLL","PyImport_GetModuleDict","04bc290c",""
"PYTHON311.DLL","PyErr_SetFromErrno","04bc2724",""
"PYTHON311.DLL","PyObject_LengthHint","04bc1408",""
"PYTHON311.DLL","PyMem_Malloc","04bc2120",""
"PYTHON311.DLL","PyErr_ExceptionMatches","04bc27c0",""
"PYTHON311.DLL","Py_BuildValue","04bc2aec",""
"PYTHON311.DLL","PyObject_CallFunction","04bc1548",""
"PYTHON311.DLL","PyErr_WriteUnraisable","04bc26c4",""
"PYTHON311.DLL","PyNumber_InPlaceAdd","04bc1314",""
"PYTHON311.DLL","PyDict_SetItemString","04bc1690",""
"PYTHON311.DLL","PyDict_Update","04bc16d0",""
