module_label,module_init_entry,factory,impl_entry,codevar,line,flags,name_symbol,qual_symbol,varnames_symbol,arg_count,factory_c_line,qualname_hint
__main__,23ab05a70,FUN_23e93df40,DAT_23aaa1c60,_DAT_23ed90d10,29,3,_DAT_23ed8fce8,_DAT_23ed8fb80,_DAT_23ed90308,1,1011,
__main__,23ab05a70,FUN_23e93df40,FUN_23aaf7d20,_DAT_23ed90d00,51,3,_DAT_23ed900b0,_DAT_23ed8fbf0,_DAT_23ed902d8,uVar24,1014,
__main__,23ab05a70,FUN_23e93df40,FUN_23aaa2cd0,_DAT_23ed90ce8,79,3,_DAT_23ed8fcd0,_DAT_23ed8fc40,_DAT_23ed902e0,uVar24,1017,
__main__,23ab05a70,FUN_23e93e1e0,FUN_23aaa5380,_DAT_23ed90cd0,117,3,DAT_23ed6cdb0,_DAT_23ed90248,_DAT_23ed902c8,uVar12,1415,
__main__,23ab05a70,FUN_23e93e1e0,FUN_23aaa88f0,DAT_23ed90c88,165,3,_DAT_23ed8ffd8,_DAT_23ed90258,_DAT_23ed902d0,uVar24,1424,
__main__,23ab05a70,FUN_23e93e480,FUN_23aaa9730,DAT_23ed90c78,185,3,DAT_23ed8fda8,_DAT_23ed90270,_DAT_23ed90320,2,1436,
__main__,23ab05a70,FUN_23e93e1e0,FUN_23aaaaad0,DAT_23ed90c60,223,3,_DAT_23ed8fed8,_DAT_23ed90280,_DAT_23ed90300,2,1445,
__main__,23ab05a70,FUN_23e93e1e0,FUN_23aaab8b0,_DAT_23ed90c50,249,3,_DAT_23ed8fd80,_DAT_23ed90288,_DAT_23ed902e8,uVar24,1455,
__main__,23ab05a70,FUN_23e93e1e0,FUN_23aaac430,_DAT_23ed90c40,271,3,DAT_23ed8fe98,_DAT_23ed90290,_DAT_23ed90318,2,1465,
__main__,23ab05a70,FUN_23e93e1e0,FUN_23aaaf2c0,_DAT_23ed90c30,328,3,_DAT_23ed900c0,_DAT_23ed902a0,_DAT_23ed90310,1,1475,
__main__,23ab05a70,FUN_23e93df40,FUN_23aab14c0,_DAT_23ed90c18,374,3,_DAT_23ed902a8,_DAT_23ed900c8,_DAT_23ed902f0,uVar24&0xffffffff00000000,1546,
__parents_main__,23ab0ad70,FUN_23e93df40,DAT_23aab37d0,DAT_23ed90b38,29,3,DAT_23ed8f4b8,DAT_23ed8f360,DAT_23ed8fb28,1,968,
__parents_main__,23ab0ad70,FUN_23e93df40,FUN_23ab09180,DAT_23ed90b28,51,3,DAT_23ed8f880,DAT_23ed8f3d0,DAT_23ed8faf8,uVar24,971,
__parents_main__,23ab0ad70,FUN_23e93df40,FUN_23aab4840,DAT_23ed90b10,79,3,DAT_23ed8f4a0,DAT_23ed8f420,DAT_23ed8fb00,uVar24,974,
__parents_main__,23ab0ad70,FUN_23e93e1e0,FUN_23aab6ef0,DAT_23ed90af8,117,3,DAT_23ed6cdb0,DAT_23ed8fa50,DAT_23ed8fae0,uVar24,1309,
__parents_main__,23ab0ad70,FUN_23e93e1e0,FUN_23aaba460,DAT_23ed90ab0,165,3,DAT_23ed8f7a8,DAT_23ed8fa60,DAT_23ed8faf0,uVar24,1321,
__parents_main__,23ab0ad70,FUN_23e93e480,FUN_23aabb2a0,DAT_23ed90aa0,185,3,DAT_23ed8f578,DAT_23ed8fa78,DAT_23ed8fb40,2,1336,
__parents_main__,23ab0ad70,FUN_23e93e1e0,FUN_23aabc640,DAT_23ed90a88,223,3,DAT_23ed8f6a8,DAT_23ed8fa88,DAT_23ed8fb20,2,1349,
__parents_main__,23ab0ad70,FUN_23e93e1e0,FUN_23aabd420,DAT_23ed90a78,249,3,DAT_23ed8f550,DAT_23ed8fa90,DAT_23ed8fb08,uVar24,1362,
__parents_main__,23ab0ad70,FUN_23e93e1e0,FUN_23aabdfa0,DAT_23ed90a68,271,3,DAT_23ed8f668,DAT_23ed8fa98,DAT_23ed8fb38,2,1375,
__parents_main__,23ab0ad70,FUN_23e93e1e0,FUN_23aac0e30,DAT_23ed90a58,328,3,DAT_23ed8f890,DAT_23ed8faa8,DAT_23ed8fb30,1,1388,
__parents_main__,23ab0ad70,FUN_23e93df40,FUN_23aac3030,DAT_23ed90a40,374,3,DAT_23ed8fab0,DAT_23ed8f898,DAT_23ed8fb10,uVar24&0xffffffff00000000,1470,
__parents_main__,23ab0ad70,FUN_23e93df40,FUN_23aaff5a0,DAT_23ed90a08,419,3,DAT_23ed8fab8,0,DAT_23ed8fae8,uVar24,1475,
config_manager,23c003b30,FUN_23e93e480,DAT_23bfffb90,uVar9,,,uVar11,_DAT_23ee076e0,,,289,
config_manager,23c003b30,FUN_23e93e1e0,FUN_23c04ae50,DAT_23ee0b658,21,3,_DAT_23ee07638,_DAT_23ee076e8,_DAT_23ee07788,1,296,
config_manager,23c003b30,FUN_23e93e1e0,FUN_23c0002b0,_DAT_23ee0b648,59,3,_DAT_23ee076f0,_DAT_23ee076f8,_DAT_23ee07790,2,304,
config_manager,23c003b30,FUN_23e93e1e0,FUN_23c0332d0,_DAT_23ee0b638,72,3,_DAT_23ee07700,_DAT_23ee07708,_DAT_23ee07778,1,312,
config_manager,23c003b30,FUN_23e93e1e0,FUN_23c034280,_DAT_23ee0b628,78,3,_DAT_23ee07710,_DAT_23ee07718,_DAT_23ee07778,1,320,
config_manager,23c003b30,FUN_23e93e1e0,FUN_23c035230,_DAT_23ee0b618,84,3,_DAT_23ee07720,_DAT_23ee07728,_DAT_23ee07780,1,328,
config_manager,23c003b30,FUN_23e93e1e0,FUN_23c0361e0,_DAT_23ee0b608,90,3,_DAT_23ee07730,_DAT_23ee07738,_DAT_23ee07780,1,336,
config_manager,23c003b30,FUN_23e93e1e0,FUN_23c04cf50,_DAT_23ee0b5f8,100,3,_DAT_23ee07740,_DAT_23ee07748,_DAT_23ee07788,1,344,
config_manager,23c003b30,FUN_23e93e1e0,FUN_23c001f30,_DAT_23ee0b5e8,134,3,_DAT_23ee07750,_DAT_23ee07758,_DAT_23ee07798,2,352,
license.hwid_generator,23c621fd0,FUN_23e93df40,FUN_23c65bd40,_DAT_23ee29d90,22,3,_DAT_23ee28e38,_DAT_23ee28cd8,_DAT_23ee28f60,uVar17&0xffffffff00000000,381,
license.hwid_generator,23c621fd0,FUN_23e93df40,FUN_23c65e4c0,_DAT_23ee29d80,48,3,_DAT_23ee28e40,_DAT_23ee28dc0,_DAT_23ee28f58,uVar17,385,
license.hwid_generator,23c621fd0,FUN_23e93df40,DAT_23c61e020,_DAT_23ee29d70,105,3,_DAT_23ee28e60,_DAT_23ee28e20,_DAT_23ee28f50,uVar17,389,
license.hwid_generator,23c621fd0,FUN_23e93df40,FUN_23c61f120,_DAT_23ee29d60,116,3,_DAT_23ee28ed0,_DAT_23ee28eb0,_DAT_23ee28f48,uVar17,393,
license.hwid_generator,23c621fd0,FUN_23e93df40,FUN_23c6218f0,_DAT_23ee29d48,,,_DAT_23ee28f30,_DAT_23ee28ed8,,,397,
license.license_client,23c63bab0,FUN_23e93e1e0,DAT_23c622ef0,_DAT_23ee29d10,36,3,DAT_23ed6cdb0,_DAT_23ee28ad8,_DAT_23ee28be0,2,907,
license.license_client,23c63bab0,FUN_23e93e1e0,LAB_23c623f90,DAT_23ee29ce8,71,3,_DAT_23ee28498,_DAT_23ee28ae8,_DAT_23ee28c08,2,917,
license.license_client,23c63bab0,FUN_23e93e1e0,FUN_23c6244a0,_DAT_23ee29cd8,75,3,_DAT_23ee28528,_DAT_23ee28af8,_DAT_23ee28bf8,2,927,
license.license_client,23c63bab0,FUN_23e93e1e0,FUN_23c624960,_DAT_23ee29cc8,79,3,_DAT_23ee286d8,_DAT_23ee28b08,_DAT_23ee28c20,2,1111,
license.license_client,23c63bab0,FUN_23e93e1e0,FUN_23c626700,_DAT_23ee29cb8,97,3,_DAT_23ee283f0,_DAT_23ee28b18,_DAT_23ee28c18,1,1128,
license.license_client,23c63bab0,FUN_23e93e1e0,FUN_23c62a0e0,DAT_23ee29ca8,146,3,_DAT_23ee28558,_DAT_23ee28b20,_DAT_23ee28c00,1,1137,
license.license_client,23c63bab0,FUN_23e93e1e0,FUN_23c62b1b0,_DAT_23ee29c98,158,3,DAT_23ee28568,_DAT_23ee28b28,_DAT_23ee28bf0,1,1147,
license.license_client,23c63bab0,FUN_23e93e1e0,FUN_23c62d3d0,_DAT_23ee29c88,192,3,_DAT_23ee28b38,_DAT_23ee28b40,_DAT_23ee28c28,2,1166,
license.license_client,23c63bab0,FUN_23e93e1e0,FUN_23c630900,_DAT_23ee29c78,262,3,_DAT_23ee28970,_DAT_23ee28b50,_DAT_23ee28c40,1,1213,
license.license_client,23c63bab0,FUN_23e93e1e0,FUN_23c6350e0,_DAT_23ee29c68,355,3,_DAT_23ee287a8,_DAT_23ee28b60,_DAT_23ee28c10,2,1251,
license.license_client,23c63bab0,FUN_23e93e480,FUN_23c636410,_DAT_23ee29c58,369,3,_DAT_23ee28b70,_DAT_23ee28b78,_DAT_23ee28c38,2,1333,
license.license_client,23c63bab0,FUN_23e93e1e0,FUN_23c637110,_DAT_23ee29c48,392,3,_DAT_23ee28b80,_DAT_23ee28b88,_DAT_23ee28c30,1,1343,
license.license_client,23c63bab0,FUN_23e93e1e0,FUN_23c637910,_DAT_23ee29c38,400,3,_DAT_23ee288d8,_DAT_23ee28b90,_DAT_23ee28be8,1,1352,
license.license_client,23c63bab0,FUN_23e93e1e0,FUN_23c63ab20,DAT_23ee29c28,432,3,DAT_23ee289c0,_DAT_23ee28b98,_DAT_23ee28c30,1,1362,
license.license_client,23c63bab0,FUN_23e93e1e0,FUN_23c63af70,DAT_23ee29c18,436,3,_DAT_23ee28ba8,_DAT_23ee28bb0,_DAT_23ee28c30,1,1432,
license.license_client,23c63bab0,FUN_23e93e1e0,FUN_23c63b6d0,_DAT_23ee29c08,449,3,_DAT_23ee28398,_DAT_23ee28bc0,_DAT_23ee28c30,1,1444,
license.activation_dialog,23c658710,FUN_23e93e480,FUN_23c609bc0,uVar10,,,uVar12,uVar3,,,1031,
license.activation_dialog,23c658710,FUN_23e93e1e0,FUN_23c60a570,DAT_23ee29f58,46,3,DAT_23ee28fb0,DAT_23ee29660,DAT_23ee29720,1,1040,
license.activation_dialog,23c658710,FUN_23e93e1e0,FUN_23c6178c0,DAT_23ee29f00,281,3,DAT_23ee29200,DAT_23ee29668,DAT_23ee29708,2,1064,
license.activation_dialog,23c658710,FUN_23e93e1e0,FUN_23c618600,DAT_23ee29ed0,298,3,DAT_23ee29210,DAT_23ee29670,DAT_23ee296d0,1,1074,
license.activation_dialog,23c658710,FUN_23e93e1e0,FUN_23c619660,DAT_23ee29eb0,313,3,DAT_23ee29458,DAT_23ee29678,DAT_23ee29700,2,1099,
license.activation_dialog,23c658710,FUN_23e93e480,FUN_23c61ba20,uVar5,333,3,DAT_23ee29428,uVar3,DAT_23ee29718,3,1143,
license.activation_dialog,23c658710,FUN_23e93e1e0,FUN_23c61c640,DAT_23ee29e90,348,3,DAT_23ee29378,DAT_23ee296a8,DAT_23ee29710,2,1168,
telegram.bot_manager,23e152d50,FUN_23e93e480,FUN_23e10d3c0,uVar5,,,uVar7,_DAT_23eea9ba8,,,1116,
telegram.bot_manager,23e152d50,FUN_23e93e1e0,FUN_23e10d9e0,_DAT_23eeab458,43,3,DAT_23eea98f8,_DAT_23eea9bb8,_DAT_23eea9bf8,2,1156,
telegram.bot_manager,23e152d50,FUN_23e93e1e0,FUN_23e10e0d0,_DAT_23eeab440,49,3,_DAT_23eea9928,_DAT_23eea9bc0,_DAT_23eea9c10,1,1165,
telegram.bot_manager,23e152d50,FUN_23e93e1e0,FUN_23e10f2e0,_DAT_23eeab428,66,3,_DAT_23eea9958,_DAT_23eea9bc8,_DAT_23eea9c18,1,1174,
telegram.bot_manager,23e152d50,FUN_23e93e1e0,FUN_23e10fd40,_DAT_23eeab418,83,3,_DAT_23eea9918,_DAT_23eea9bd0,_DAT_23eea9c10,1,1183,
telegram.bot_manager,23e152d50,FUN_23e93e1e0,FUN_23e1117f0,DAT_23eeab410,99,131,_DAT_23eea99b0,_DAT_23eea9a88,_DAT_23eea9c08,1,1192,
telegram.handlers.fish_names_map,23e113b10,FUN_23e93df40,LAB_23e113480,DAT_23eeab230,41,3,_DAT_23eeab210,_DAT_23eeab1e0,_DAT_23eeab228,1,162,
telegram.handlers.fishing_handle,23e1194c0,FUN_23e93df40,FUN_23e0f0eb0,DAT_23eeab0b8,18,3,DAT_23eea97f0,DAT_23eea9208,DAT_23eea9888,1,592,
telegram.handlers.fishing_handle,23e1194c0,FUN_23e93df40,LAB_23e1142b0,DAT_23eeab178,24,3,DAT_23eea9610,DAT_23eea9338,DAT_23eea9858,uVar17,595,
telegram.handlers.fishing_handle,23e1194c0,FUN_23e93df40,FUN_23e15f780,DAT_23eeab168,55,3,DAT_23eea96f8,uVar9,DAT_23eea9850,uVar17,602,
telegram.handlers.fishing_handle,23e1194c0,FUN_23e93df40,FUN_23e163eb0,DAT_23eeab140,104,3,DAT_23eea9708,DAT_23eea9450,DAT_23eea9868,uVar17&0xffffffff00000000,605,
telegram.handlers.fishing_handle,23e1194c0,FUN_23e93df40,FUN_23e115e40,DAT_23eeab130,132,3,DAT_23eea9720,DAT_23eea94d8,DAT_23eea9860,uVar17,609,
telegram.handlers.fishing_handle,23e1194c0,FUN_23e93df40,FUN_23e117620,DAT_23eeab120,154,3,DAT_23eea9818,DAT_23eea9590,DAT_23eea9880,2,620,
telegram.handlers.menu_handler,23e11e9d0,FUN_23e93df40,LAB_23e11b000,DAT_23eeab0a0,10,3,_DAT_23eea8fe8,_DAT_23eea8e60,_DAT_23eea91d0,2,588,
telegram.handlers.menu_handler,23e11e9d0,FUN_23e93df40,FUN_23e11b460,_DAT_23eeab090,17,3,_DAT_23eea9030,_DAT_23eea8eb0,_DAT_23eea91c8,uVar17,591,
telegram.handlers.menu_handler,23e11e9d0,FUN_23e93df40,FUN_23e11bb50,_DAT_23eeab080,27,3,_DAT_23eea9088,_DAT_23eea8ec8,_DAT_23eea91c8,uVar17,594,
telegram.handlers.menu_handler,23e11e9d0,FUN_23e93df40,FUN_23e11c180,_DAT_23eeab070,36,3,_DAT_23eea9040,_DAT_23eea8ef8,_DAT_23eea91c8,uVar17&0xffffffff00000000,597,
telegram.handlers.menu_handler,23e11e9d0,FUN_23e93df40,FUN_23e11c860,_DAT_23eeab058,44,3,_DAT_23eea9198,_DAT_23eea8fe0,_DAT_23eea91e0,2,608,
telegram.handlers.notifications_,23e1243e0,FUN_23e93df40,LAB_23e120360,DAT_23eeaafc8,13,3,_DAT_23eea8d80,_DAT_23eea8c78,_DAT_23eea8e28,uVar17&0xffffffff00000000,485,
telegram.handlers.notifications_,23e1243e0,FUN_23e93df40,FUN_23e122ff0,_DAT_23eeaafa8,75,3,_DAT_23eea8e10,_DAT_23eea8cf0,_DAT_23eea8e50,2,496,
telegram.handlers.screenshot_han,23e126df0,FUN_23e93df40,FUN_23e144fc0,DAT_23eeaaf48,16,3,DAT_23eea8ae0,DAT_23eea8858,_DAT_23eea8b10,uVar17&0xffffffff00000000,604,
telegram.handlers.screenshot_han,23e126df0,FUN_23e93df40,FUN_23e0f0fd0,DAT_23eeaaf38,33,131,DAT_23eea88e8,DAT_23eea8860,_DAT_23eea8b40,uVar17&0xffffffff00000000,607,
telegram.handlers.screenshot_han,23e126df0,FUN_23e93df40,LAB_23e125790,DAT_23eeaaf20,59,131,DAT_23eea8940,DAT_23eea88f0,_DAT_23eea8b48,1,611,
telegram.handlers.screenshot_han,23e126df0,FUN_23e93df40,FUN_23e125a00,DAT_23eeaaf08,79,3,DAT_23eea8af8,DAT_23eea89b8,_DAT_23eea8b28,2,622,
telegram.handlers.system_handler,23e12b100,FUN_23e93df40,LAB_23e128760,DAT_23eeaae90,11,3,_DAT_23eea8768,_DAT_23eea85e0,_DAT_23eea8790,uVar18&0xffffffff00000000,390,
telegram.handlers.system_handler,23e12b100,FUN_23e93df40,FUN_23e128e90,DAT_23eeaae78,20,3,DAT_23eea86e0,_DAT_23eea8620,_DAT_23eea87c0,uVar18&0xffffffff00000000,393,
telegram.handlers.system_handler,23e12b100,FUN_23e93df40,FUN_23e129d10,DAT_23eeaae68,36,3,_DAT_23eea8778,_DAT_23eea8698,_DAT_23eea87a8,2,404,
telegram.notification_manager,23e135d90,FUN_23e93e1e0,FUN_23e12ca30,DAT_23eeaade8,23,3,DAT_23eea8428,DAT_23eea8430,_DAT_23eea8568,3,304,
telegram.notification_manager,23e135d90,FUN_23e93e1e0,FUN_23e12da40,DAT_23eeaadd8,34,3,DAT_23eea8230,DAT_23eea8440,_DAT_23eea8550,uVar9,343,
telegram.notification_manager,23e135d90,FUN_23e93e1e0,FUN_23e12e100,DAT_23eeaadc8,40,3,DAT_23eea8268,DAT_23eea8448,_DAT_23eea8560,uVar21,351,
telegram.notification_manager,23e135d90,FUN_23e93e480,FUN_23e130800,DAT_23eeaadc0,79,131,DAT_23eea8220,DAT_23eea8228,_DAT_23eea8558,uVar9,363,
telegram.notification_manager,23e135d90,FUN_23e93e480,FUN_23e130a70,DAT_23eeaada8,94,3,DAT_23eea8468,DAT_23eea8470,_DAT_23eea8578,3,375,
telegram.notification_manager,23e135d90,FUN_23e93e1e0,FUN_23e1318c0,DAT_23eeaad90,114,3,DAT_23eea8478,DAT_23eea8480,_DAT_23eea8570,1,383,
telegram.notification_manager,23e135d90,FUN_23e93e1e0,FUN_23e131e80,DAT_23eeaad80,122,3,DAT_23eea8488,DAT_23eea8490,_DAT_23eea8570,1,391,
telegram.notification_manager,23e135d90,FUN_23e93e1e0,FUN_23e132440,DAT_23eeaad70,130,3,DAT_23eea8498,DAT_23eea84a0,_DAT_23eea8570,1,399,
telegram.notification_manager,23e135d90,FUN_23e93e1e0,FUN_23e132a00,DAT_23eeaad60,138,3,DAT_23eea84a8,DAT_23eea84b0,_DAT_23eea8570,1,407,
telegram.notification_manager,23e135d90,FUN_23e93e480,FUN_23e132fc0,DAT_23eeaad50,146,3,DAT_23eea84c8,DAT_23eea84d0,_DAT_23eea8588,3,419,
telegram.notification_manager,23e135d90,FUN_23e93e480,FUN_23e133a90,DAT_23eeaad40,166,3,DAT_23eea84e0,DAT_23eea84e8,_DAT_23eea8580,2,431,
telegram.notification_manager,23e135d90,FUN_23e93e480,FUN_23e1343f0,DAT_23eeaad30,182,3,DAT_23eea84f0,DAT_23eea84f8,_DAT_23eea8580,2,443,
telegram.notification_manager,23e135d90,FUN_23e93e1e0,FUN_23e134d50,DAT_23eeaad20,198,3,DAT_23eea8500,DAT_23eea8508,_DAT_23eea8570,1,451,
telegram.notification_manager,23e135d90,FUN_23e93e1e0,FUN_23e135310,DAT_23eeaad10,206,3,DAT_23eea8510,DAT_23eea8518,_DAT_23eea8570,1,459,
telegram.notification_manager,23e135d90,FUN_23e93df40,FUN_23e1358d0,DAT_23eeaad00,,,DAT_23eea8528,DAT_23eea8370,,,549,
telegram.notification_manager,23e135d90,FUN_23e93e1e0,LAB_23e12c310,DAT_23eeaae00,17,3,DAT_23ed6cdb0,DAT_23eea8420,_DAT_23eea8548,uVar9,956,
ui.fish_settings_dialog,23e27d000,FUN_23e93e480,LAB_23e270fe0,DAT_23eeb07d8,,,uVar16,uVar14,,,913,
ui.fish_settings_dialog,23e27d000,FUN_23e93e1e0,FUN_23e275120,_DAT_23eeb07b0,,,_DAT_23eeaf640,_DAT_23eeaf738,,,922,
ui.fish_settings_dialog,23e27d000,FUN_23e93e1e0,FUN_23e275530,_DAT_23eeb0788,,,DAT_23eeaf618,_DAT_23eeaf740,,,940,
ui.fish_settings_dialog,23e27d000,FUN_23e93e480,FUN_23e2759a0,uVar14,,,uVar16,_DAT_23eeaf760,,,1117,
ui.fish_settings_dialog,23e27d000,FUN_23e93e1e0,FUN_23e2763b0,_DAT_23eeb07b8,,,_DAT_23eeaf458,_DAT_23eeaf768,,,1129,
ui.fish_settings_dialog,23e27d000,FUN_23e93e1e0,FUN_23e279720,DAT_23eeb0798,,,_DAT_23eeaf550,_DAT_23eeaf770,,,1141,
ui.fish_settings_dialog,23e27d000,FUN_23e93e1e0,FUN_23e279d30,DAT_23eeb07a0,,,_DAT_23eeaf460,_DAT_23eeaf778,,,1155,
ui.fish_settings_dialog,23e27d000,FUN_23e93e1e0,FUN_23e308230,DAT_23eeb07a8,,,_DAT_23eeaf510,_DAT_23eeaf780,,,1169,
ui.fish_settings_dialog,23e27d000,FUN_23e93e1e0,FUN_23e27a380,DAT_23eeb0790,,,_DAT_23eeaf4c0,_DAT_23eeaf788,,,1183,
ui.fish_settings_dialog,23e27d000,FUN_23e93e1e0,FUN_23e27abc0,DAT_23eeb07c8,,,_DAT_23eeaf4d0,_DAT_23eeaf790,,,1197,
ui.fish_settings_dialog,23e27d000,FUN_23e93e1e0,FUN_23e27b400,_DAT_23eeb07c0,,,DAT_23eeaf560,_DAT_23eeaf798,,,1211,
ui.fishing_tab,23e29f090,FUN_23e93e480,FUN_23e2808b0,uVar12,,,plVar19,uVar10,,,1121,
ui.fishing_tab,23e29f090,FUN_23e93e1e0,FUN_23e280ed0,_DAT_23eeb0638,,,_DAT_23eeaf0f8,_DAT_23eeaf100,,,1139,
ui.fishing_tab,23e29f090,FUN_23e93e1e0,FUN_23e281710,_DAT_23eeb0618,,,_DAT_23eeaec30,_DAT_23eeaf108,,,1157,
ui.garbage_settings_dialog,23e2b1cd0,FUN_23e93e480,FUN_23e2a5cb0,_DAT_23eeb0490,,,uVar16,uVar14,,,913,
ui.garbage_settings_dialog,23e2b1cd0,FUN_23e93e1e0,FUN_23e2a9df0,DAT_23eeb0468,,,_DAT_23eeae650,_DAT_23eeae748,,,922,
ui.garbage_settings_dialog,23e2b1cd0,FUN_23e93e1e0,FUN_23e2aa200,DAT_23eeb0440,,,_DAT_23eeae628,_DAT_23eeae750,,,940,
ui.garbage_settings_dialog,23e2b1cd0,FUN_23e93e480,FUN_23e2aa670,uVar14,,,uVar16,_DAT_23eeae770,,,1117,
ui.garbage_settings_dialog,23e2b1cd0,FUN_23e93e1e0,FUN_23e2ab080,_DAT_23eeb0470,,,DAT_23eeae458,_DAT_23eeae778,,,1129,
ui.garbage_settings_dialog,23e2b1cd0,FUN_23e93e1e0,FUN_23e2ae3f0,_DAT_23eeb0450,,,_DAT_23eeae550,_DAT_23eeae780,,,1141,
ui.garbage_settings_dialog,23e2b1cd0,FUN_23e93e1e0,FUN_23e2aea00,_DAT_23eeb0458,,,DAT_23eeae460,_DAT_23eeae788,,,1155,
ui.garbage_settings_dialog,23e2b1cd0,FUN_23e93e1e0,FUN_23e30b240,_DAT_23eeb0460,,,_DAT_23eeae510,_DAT_23eeae790,,,1169,
ui.garbage_settings_dialog,23e2b1cd0,FUN_23e93e1e0,FUN_23e2af050,_DAT_23eeb0448,,,_DAT_23eeae4c0,_DAT_23eeae798,,,1183,
ui.garbage_settings_dialog,23e2b1cd0,FUN_23e93e1e0,FUN_23e2af890,_DAT_23eeb0480,,,_DAT_23eeae4d0,_DAT_23eeae7a0,,,1197,
ui.garbage_settings_dialog,23e2b1cd0,FUN_23e93e1e0,FUN_23e2b00d0,_DAT_23eeb0478,,,_DAT_23eeae560,_DAT_23eeae7a8,,,1211,
ui.home_tab,23e2d6140,FUN_23e93e480,FUN_23e2b5580,uVar4,,,uVar12,uVar10,,,990,
ui.home_tab,23e2d6140,FUN_23e93e1e0,FUN_23e2b6010,DAT_23eeb0368,54,3,DAT_23eead908,DAT_23eeae170,_DAT_23eeae240,1,1000,
ui.home_tab,23e2d6140,FUN_23e93e1e0,FUN_23e2c3530,DAT_23eeb0328,219,3,DAT_23eead9d8,DAT_23eeae188,_DAT_23eeae220,2,1039,
ui.home_tab,23e2d6140,FUN_23e93e1e0,FUN_23e2c46d0,DAT_23eeb0310,247,3,DAT_23eeadb68,DAT_23eeae1a0,_DAT_23eeae228,3,1083,
ui.home_tab,23e2d6140,FUN_23e93e1e0,FUN_23e2c5810,DAT_23eeb0300,264,3,DAT_23eeadbe8,DAT_23eeae1b0,_DAT_23eeae1f8,1,1112,
ui.home_tab,23e2d6140,FUN_23e93e1e0,FUN_23e2c5dd0,DAT_23eeb02f0,284,3,DAT_23eeadc48,DAT_23eeae1c0,_DAT_23eeae230,2,1142,
ui.home_tab,23e2d6140,FUN_23e93e1e0,FUN_23e2c6870,DAT_23eeb02d0,289,3,DAT_23eead930,DAT_23eeae1c8,_DAT_23eeae250,1,1153,
ui.home_tab,23e2d6140,FUN_23e93e1e0,FUN_23e2cc5b0,DAT_23eeb02b8,375,3,DAT_23eead948,DAT_23eeae1d0,_DAT_23eeae248,1,1167,
ui.home_tab,23e2d6140,FUN_23e93e1e0,FUN_23e2cf8f0,DAT_23eeb02a8,406,3,DAT_23eeadee8,DAT_23eeae1d8,_DAT_23eeae218,2,1216,
ui.home_tab,23e2d6140,FUN_23e93e1e0,FUN_23e2d0320,DAT_23eeb0298,429,3,DAT_23eeadb28,DAT_23eeae1e0,_DAT_23eeae238,1,1229,
ui.hotkey_dialog,23e2e37c0,FUN_23e93e480,FUN_23e2d98a0,uVar5,,,uVar15,uVar13,,,380,
ui.hotkey_dialog,23e2e37c0,FUN_23e93e1e0,FUN_23e2da250,DAT_23eeb0250,27,3,DAT_23eead428,_DAT_23eead828,_DAT_23eead8c8,1,389,
ui.hotkey_dialog,23e2e37c0,FUN_23e93e1e0,FUN_23e2dcfa0,_DAT_23eeb0228,103,3,DAT_23eead430,_DAT_23eead830,_DAT_23eead8b8,1,398,
ui.hotkey_dialog,23e2e37c0,FUN_23e93e1e0,FUN_23e2dd5c0,_DAT_23eeb0218,111,3,_DAT_23eead610,_DAT_23eead838,_DAT_23eead8b8,1,407,
ui.hotkey_dialog,23e2e37c0,FUN_23e93e1e0,FUN_23e2ddb00,_DAT_23eeb0208,117,3,_DAT_23eead5a8,_DAT_23eead840,_DAT_23eead8d0,2,417,
ui.hotkey_dialog,23e2e37c0,FUN_23e93e1e0,FUN_23e2de990,_DAT_23eeb01f8,129,3,_DAT_23eead5b0,_DAT_23eead848,_DAT_23eead8d0,2,427,
ui.hotkey_dialog,23e2e37c0,FUN_23e93e1e0,FUN_23e2e0080,_DAT_23eeb01e0,162,3,_DAT_23eead5e8,_DAT_23eead850,_DAT_23eead8d8,1,437,
ui.hotkey_dialog,23e2e37c0,FUN_23e93e1e0,FUN_23e2e0830,_DAT_23eeb01d0,171,3,_DAT_23eead628,_DAT_23eead858,_DAT_23eead8b0,2,447,
ui.hotkey_dialog,23e2e37c0,FUN_23e93e1e0,FUN_23e24f640,_DAT_23eeb01c0,199,3,_DAT_23eead708,_DAT_23eead860,_DAT_23eead8c0,2,457,
ui.hotkey_dialog,23e2e37c0,FUN_23e93e1e0,FUN_23e2e2dc0,_DAT_23eeb01b0,,,_DAT_23eead768,_DAT_23eead868,,,469,
ui.hotkey_dialog,23e2e37c0,FUN_23e93e1e0,FUN_23e2e33e0,_DAT_23eeb01a0,243,3,_DAT_23eead870,_DAT_23eead878,_DAT_23eead8b8,1,480,
ui.hotkey_listener,23e2f1040,FUN_23e93e1e0,FUN_23e2e6460,_DAT_23eeb0168,43,3,DAT_23ed6cdb0,_DAT_23eead2f0,_DAT_23eead3a0,uVar11,353,
ui.hotkey_listener,23e2f1040,FUN_23e93e1e0,FUN_23e2e6bf0,_DAT_23eeb0158,54,3,_DAT_23eead300,_DAT_23eead308,_DAT_23eead3c8,3,362,
ui.hotkey_listener,23e2f1040,FUN_23e93e1e0,FUN_23e2e7d90,_DAT_23eeb0148,62,3,_DAT_23eead310,_DAT_23eead318,_DAT_23eead3a0,uVar20,370,
ui.hotkey_listener,23e2f1040,FUN_23e93e1e0,FUN_23e2e8e20,DAT_23eeb0138,69,3,_DAT_23eead0f8,_DAT_23eead328,_DAT_23eead3b8,uVar11,379,
ui.hotkey_listener,23e2f1040,FUN_23e93e1e0,FUN_23e2e9ec0,DAT_23eeb0120,83,3,DAT_23eead190,_DAT_23eead330,_DAT_23eead3a0,1,387,
ui.hotkey_listener,23e2f1040,FUN_23e93e1e0,FUN_23e2eab40,DAT_23eeb0110,103,3,_DAT_23eead338,_DAT_23eead340,_DAT_23eead3a0,1,395,
ui.hotkey_listener,23e2f1040,FUN_23e93e1e0,FUN_23e2eb260,_DAT_23eeb0100,111,3,_DAT_23eead270,_DAT_23eead350,_DAT_23eead3b0,uVar11,404,
ui.hotkey_listener,23e2f1040,FUN_23e93e1e0,FUN_23e2eb880,_DAT_23eeb00e8,115,3,DAT_23eead178,_DAT_23eead358,_DAT_23eead3c0,uVar11,412,
ui.hotkey_listener,23e2f1040,FUN_23e93e1e0,FUN_23e2f0660,_DAT_23eeb00c0,157,3,_DAT_23eead360,_DAT_23eead368,_DAT_23eead3a0,uVar11,420,
ui.hotkey_listener,23e2f1040,FUN_23e93e1e0,0,_DAT_23eeb0088,160,3,_DAT_23eead370,_DAT_23eead378,_DAT_23eead3a8,uVar11,428,
ui.hotkey_listener,23e2f1040,FUN_23e93df40,FUN_23e2f0aa0,_DAT_23eeb00b0,,,_DAT_23eead380,_DAT_23eead298,,,509,
ui.ios_toggle,23e2f7330,FUN_23e93e480,LAB_23e2f26d0,uVar3,,,uVar10,uVar8,,,746,
ui.ios_toggle,23e2f7330,FUN_23e93e1e0,FUN_23e2f3b90,_DAT_23eeb0050,46,3,DAT_23eeace20,_DAT_23eeacfb0,_DAT_23eead068,2,768,
ui.ios_toggle,23e2f7330,FUN_23e93e1e0,FUN_23e2f4330,_DAT_23eeb0040,56,3,_DAT_23eeacfc0,_DAT_23eeacfc8,_DAT_23eead058,1,906,
ui.ios_toggle,23e2f7330,FUN_23e93e1e0,FUN_23e2f4710,_DAT_23eeb0030,60,3,_DAT_23eeacfc0,_DAT_23eeacfc8,_DAT_23eead060,2,960,
ui.ios_toggle,23e2f7330,FUN_23e93e1e0,FUN_23e2f4bd0,_DAT_23eeb0020,64,3,_DAT_23eeacff0,_DAT_23eeacff8,_DAT_23eead060,2,1077,
ui.ios_toggle,23e2f7330,FUN_23e93e1e0,FUN_23e2f5010,_DAT_23eeb0010,68,3,_DAT_23eead000,_DAT_23eead008,_DAT_23eead070,2,1087,
ui.ios_toggle,23e2f7330,FUN_23e93e1e0,FUN_23e2f69b0,_DAT_23eeafff8,89,3,_DAT_23eead010,_DAT_23eead018,_DAT_23eead058,1,1097,
ui.ios_toggle,23e2f7330,FUN_23e93e1e0,FUN_23e2f6e70,_DAT_23eeaffe8,92,3,_DAT_23eead020,_DAT_23eead028,_DAT_23eead058,1,1106,
ui.main_window,23e311500,FUN_23e93e480,FUN_23e2fa540,DAT_23eeac6a0,,,plVar20,uVar15,,,1105,
ui.main_window,23e311500,FUN_23e93e1e0,FUN_23e2fca70,_DAT_23eeac690,,,_DAT_23eeacc58,_DAT_23eeacc60,,,1236,
ui.main_window,23e311500,FUN_23e93e1e0,FUN_23e2fce50,_DAT_23eeac688,,,_DAT_23eeacc58,_DAT_23eeacc60,,,1276,
ui.main_window,23e311500,FUN_23e93e1e0,FUN_23e2fd260,_DAT_23eeac670,,,DAT_23eeac820,_DAT_23eeacc70,,,1314,
ui.main_window,23e311500,FUN_23e93e1e0,FUN_23e2ff8a0,_DAT_23eeac680,,,_DAT_23eeac8b8,_DAT_23eeacc98,,,1569,
ui.main_window,23e311500,FUN_23e93e1e0,FUN_23e3069f0,_DAT_23eeac698,,,_DAT_23eeac970,_DAT_23eeacca0,,,1580,
ui.telegram_tab,23e3235b0,FUN_23e93e480,LAB_23e316a60,uVar8,,,uVar10,_DAT_23eeb3e10,,,1016,
ui.telegram_tab,23e3235b0,FUN_23e93e1e0,FUN_23e317480,_DAT_23eeb4cd0,34,3,DAT_23eeb39a0,_DAT_23eeb3e18,_DAT_23eeb3ec0,1,1028,
ui.telegram_tab,23e3235b0,FUN_23e93e1e0,FUN_23e31de70,_DAT_23eeb4ca8,191,3,DAT_23eeb39a8,_DAT_23eeb3e20,_DAT_23eeb3eb0,1,1041,
ui.telegram_tab,23e3235b0,FUN_23e93e1e0,FUN_23e31e5e0,_DAT_23eeb4c98,197,3,_DAT_23eeb3c88,_DAT_23eeb3e28,_DAT_23eeb3eb0,1,1055,
ui.telegram_tab,23e3235b0,FUN_23e93e1e0,FUN_23e31ece0,_DAT_23eeb4c88,206,3,DAT_23eeb39b0,_DAT_23eeb3e40,_DAT_23eeb3eb0,1,1103,
ui.telegram_tab,23e3235b0,FUN_23e93e1e0,FUN_23e31f490,_DAT_23eeb4c78,213,3,_DAT_23eeb3ba0,_DAT_23eeb3e48,_DAT_23eeb3ed8,1,1117,
ui.telegram_tab,23e3235b0,FUN_23e93e1e0,FUN_23e31fa60,_DAT_23eeb4c68,220,3,DAT_23eeb39b8,_DAT_23eeb3e50,_DAT_23eeb3ed0,1,1131,
ui.telegram_tab,23e3235b0,FUN_23e93e1e0,FUN_23e322240,_DAT_23eeb4c48,264,3,_DAT_23eeb3c50,_DAT_23eeb3e58,_DAT_23eeb3ed8,1,1145,
ui.telegram_tab,23e3235b0,FUN_23e93e1e0,FUN_23e322ae0,_DAT_23eeb4c38,275,3,_DAT_23eeb3c60,_DAT_23eeb3e70,_DAT_23eeb3ec8,2,1177,
ui.telegram_tab,23e3235b0,FUN_23e93e1e0,FUN_23e322f50,_DAT_23eeb4c28,279,3,_DAT_23eeb3e78,_DAT_23eeb3e80,_DAT_23eeb3eb8,2,1190,
workers.fishing.casting_a_fishin,23e707a40,FUN_23e93e480,LAB_23e6f0c70,DAT_23eedb260,26,3,DAT_23ed6cdb0,_DAT_23eeda8f0,_DAT_23eeda9f0,2,538,
workers.fishing.casting_a_fishin,23e707a40,FUN_23e93e1e0,FUN_23e6f1140,_DAT_23eedb250,30,3,_DAT_23eeda6c8,_DAT_23eeda900,_DAT_23eedaa38,uVar9,547,
workers.fishing.casting_a_fishin,23e707a40,FUN_23e93e1e0,FUN_23e6f2f80,_DAT_23eedb220,56,3,_DAT_23eeda6f0,_DAT_23eeda910,_DAT_23eedaa40,uVar21,557,
workers.fishing.casting_a_fishin,23e707a40,FUN_23e93e1e0,FUN_23e6f3c90,_DAT_23eedb210,64,3,_DAT_23eeda7b8,_DAT_23eeda928,_DAT_23eedaa18,uVar9,682,
workers.fishing.casting_a_fishin,23e707a40,FUN_23e93e1e0,FUN_23e6f69a0,_DAT_23eedb1f8,127,3,DAT_23ed6cdb0,_DAT_23eeda978,_DAT_23eeda9e8,2,1024,
workers.fishing.casting_a_fishin,23e707a40,FUN_23e93e1e0,FUN_23e6f76a0,_DAT_23eedb1e8,148,3,DAT_23eeda590,_DAT_23eeda998,_DAT_23eeda9f8,6,1065,
workers.fishing.casting_a_fishin,23e707a40,FUN_23e93e1e0,FUN_23e6f84f0,DAT_23eedb1d8,155,3,DAT_23eeda5a0,_DAT_23eeda9a0,_DAT_23eedaa00,2,1108,
workers.fishing.casting_a_fishin,23e707a40,FUN_23e93e1e0,FUN_23e6f9e00,DAT_23eedb1c8,172,3,_DAT_23eeda7e8,_DAT_23eeda9a8,_DAT_23eedaa20,uVar9,1152,
workers.fishing.casting_a_fishin,23e707a40,FUN_23e93e1e0,FUN_23e6fd930,_DAT_23eedb1b8,232,3,_DAT_23eeda9b0,_DAT_23eeda9b8,_DAT_23eedaa28,uVar9,1196,
workers.fishing.casting_a_fishin,23e707a40,FUN_23e93df40,FUN_23e6fe010,_DAT_23eedb1a8,236,3,_DAT_23eeda6f8,_DAT_23eeda690,_DAT_23eedaa30,uVar9,1251,
workers.fishing.casting_a_fishin,23e707a40,FUN_23e93df40,FUN_23e6fed40,_DAT_23eedb198,250,3,_DAT_23eeda9c8,_DAT_23eeda890,_DAT_23eedaa48,uVar21&0xffffffff00000000,1254,
workers.fishing.fish_recognition,23e71b350,FUN_23e93e480,FUN_23e70a5b0,DAT_23eedb140,31,3,DAT_23ed6cdb0,_DAT_23eeda200,_DAT_23eeda2b8,2,643,
workers.fishing.fish_recognition,23e71b350,FUN_23e93e1e0,FUN_23e70aa80,DAT_23eedb130,35,3,_DAT_23eed9ed0,_DAT_23eeda210,_DAT_23eeda2d8,uVar8,652,
workers.fishing.fish_recognition,23e71b350,FUN_23e93e1e0,FUN_23e70c8c0,_DAT_23eedb100,61,3,_DAT_23eed9ee0,_DAT_23eeda220,_DAT_23eeda2e0,uVar8,661,
workers.fishing.fish_recognition,23e71b350,FUN_23e93e1e0,FUN_23e70d5d0,_DAT_23eedb0f0,69,3,DAT_23eed9e98,_DAT_23eeda238,_DAT_23eeda2c8,uVar8,794,
workers.fishing.fish_recognition,23e71b350,FUN_23e93e1e0,FUN_23e7105f0,_DAT_23eedb0d8,111,3,DAT_23ed6cdb0,_DAT_23eeda248,_DAT_23eeda2b0,1,933,
workers.fishing.fish_recognition,23e71b350,FUN_23e93e1e0,FUN_23e710eb0,_DAT_23eedb0b8,119,3,DAT_23eeda0d0,_DAT_23eeda250,_DAT_23eeda2e8,uVar8,942,
workers.fishing.fish_recognition,23e71b350,FUN_23e93e1e0,FUN_23e7127f0,_DAT_23eedb098,154,3,_DAT_23eed9fa8,_DAT_23eeda258,_DAT_23eeda2f0,uVar22,952,
workers.fishing.fish_recognition,23e71b350,FUN_23e93e480,FUN_23e714780,uVar2,184,3,_DAT_23eeda050,uVar6,_DAT_23eeda2d0,uVar8,1128,
workers.fishing.fish_recognition,23e71b350,FUN_23e93e1e0,FUN_23e716990,_DAT_23eedb070,218,3,DAT_23eeda098,_DAT_23eeda278,_DAT_23eeda300,2,1171,
workers.fishing.fish_recognition,23e71b350,FUN_23e93e1e0,FUN_23e718390,DAT_23eedb060,238,3,DAT_23eeda118,_DAT_23eeda280,_DAT_23eeda308,1,1206,
workers.fishing.fish_recognition,23e71b350,FUN_23e93e1e0,FUN_23e719590,DAT_23eedb050,262,3,DAT_23eeda158,_DAT_23eeda288,_DAT_23eeda310,1,1215,
workers.fishing.fish_recognition,23e71b350,FUN_23e93df40,FUN_23e71acf0,DAT_23eedb040,286,3,_DAT_23eeda290,uVar8,_DAT_23eeda2f8,uVar22&0xffffffff00000000,1299,
workers.fishing.garbage_disposal,23e7a69a0,FUN_23e93e480,FUN_23e78a760,DAT_23eedacf0,34,3,DAT_23ed6cdb0,DAT_23eed87d0,_DAT_23eed88d8,2,714,
workers.fishing.garbage_disposal,23e7a69a0,FUN_23e93e1e0,FUN_23e78ac30,DAT_23eedace0,38,3,DAT_23eed8318,DAT_23eed87e0,_DAT_23eed8918,uVar9,723,
workers.fishing.garbage_disposal,23e7a69a0,FUN_23e93e1e0,FUN_23e78ca70,DAT_23eedacb0,64,3,DAT_23eed8328,DAT_23eed87f0,_DAT_23eed8920,uVar9,732,
workers.fishing.garbage_disposal,23e7a69a0,FUN_23e93e1e0,FUN_23e78d780,DAT_23eedaca0,72,3,DAT_23eed82a8,DAT_23eed8808,_DAT_23eed88e8,uVar9,859,
workers.fishing.garbage_disposal,23e7a69a0,FUN_23e93e480,FUN_23e7907a0,DAT_23eedac88,110,3,DAT_23eed85b0,DAT_23eed8820,_DAT_23eed88f0,uVar9,895,
workers.fishing.garbage_disposal,23e7a69a0,FUN_23e93e1e0,FUN_23e793050,DAT_23eedac78,156,3,DAT_23ed6cdb0,DAT_23eed8830,_DAT_23eed88d0,1,1007,
workers.fishing.garbage_disposal,23e7a69a0,FUN_23e93e1e0,FUN_23e793a60,DAT_23eedac58,180,3,DAT_23eed8618,DAT_23eed8838,_DAT_23eed8928,uVar9,1016,
workers.fishing.garbage_disposal,23e7a69a0,FUN_23e93e1e0,FUN_23e795020,DAT_23eedac38,212,3,DAT_23eed83b0,DAT_23eed8840,_DAT_23eed8930,uVar22,1025,
workers.fishing.garbage_disposal,23e7a69a0,FUN_23e93e480,FUN_23e7974c0,uVar2,251,3,DAT_23eed8860,uVar7,_DAT_23eed8910,uVar9,1197,
workers.fishing.garbage_disposal,23e7a69a0,FUN_23e93e480,FUN_23e7996c0,uVar2,285,3,DAT_23eed8500,uVar7,_DAT_23eed8908,uVar9,1276,
workers.fishing.garbage_disposal,23e7a69a0,FUN_23e93e1e0,FUN_23e79c1b0,DAT_23eedac08,326,3,DAT_23eed8488,DAT_23eed8880,_DAT_23eed8940,4,1292,
workers.fishing.garbage_disposal,23e7a69a0,FUN_23e93e1e0,FUN_23e7c8c60,DAT_23eedabe8,356,3,DAT_23eed8690,DAT_23eed8888,_DAT_23eed8900,uVar9,1328,
workers.fishing.garbage_disposal,23e7a69a0,FUN_23e93e1e0,FUN_23e79f360,DAT_23eedabd8,399,3,DAT_23eed86c0,DAT_23eed8898,_DAT_23eed88f8,uVar9,1361,
workers.fishing.garbage_disposal,23e7a69a0,FUN_23e93e1e0,FUN_23e7a1d20,DAT_23eedabc8,443,3,DAT_23eed8720,DAT_23eed88a0,_DAT_23eed8948,1,1369,
workers.fishing.garbage_disposal,23e7a69a0,FUN_23e93df40,FUN_23e7a6340,uVar9,501,3,DAT_23eed88a8,DAT_23eed8728,_DAT_23eed8938,uVar22&0xffffffff00000000,1451,
workers.fishing.hooking,23e7c0770,FUN_23e93e480,FUN_23e7a9c40,DAT_23eedab70,45,3,DAT_23ed6cdb0,_DAT_23eed7f70,_DAT_23eed8028,2,809,
workers.fishing.hooking,23e7c0770,FUN_23e93e1e0,FUN_23e7aa110,DAT_23eedab60,49,3,_DAT_23eed7ce8,_DAT_23eed7f80,_DAT_23eed8058,uVar9,818,
workers.fishing.hooking,23e7c0770,FUN_23e93e1e0,FUN_23e7abf50,_DAT_23eedab30,75,3,_DAT_23eed7d10,_DAT_23eed7f90,_DAT_23eed8060,uVar9,828,
workers.fishing.hooking,23e7c0770,FUN_23e93e1e0,FUN_23e7acc60,_DAT_23eedab20,83,3,_DAT_23eed7dc0,_DAT_23eed7fa8,_DAT_23eed8040,uVar9,962,
workers.fishing.hooking,23e7c0770,FUN_23e93e1e0,FUN_23e7af970,_DAT_23eedab08,124,3,DAT_23ed6cdb0,_DAT_23eed7fc0,_DAT_23eed8020,4,1106,
workers.fishing.hooking,23e7c0770,FUN_23e93e1e0,FUN_23e7b0240,_DAT_23eedaaf8,142,3,_DAT_23eed7b28,_DAT_23eed7fc8,_DAT_23eed8068,uVar23,1115,
workers.fishing.hooking,23e7c0770,FUN_23e93e1e0,FUN_23e7b22d0,_DAT_23eedaac8,167,3,_DAT_23eed7bf8,_DAT_23eed7fe8,_DAT_23eed8078,4,1265,
workers.fishing.hooking,23e7c0770,FUN_23e93e1e0,FUN_23e7b4360,_DAT_23eedaab8,194,3,_DAT_23eed7df0,_DAT_23eed7ff0,_DAT_23eed8048,uVar9,1311,
workers.fishing.hooking,23e7c0770,FUN_23e93df40,FUN_23e7b6580,_DAT_23eedaaa8,232,3,_DAT_23eed7d18,_DAT_23eed7cb0,_DAT_23eed8050,uVar9,1362,
workers.fishing.hooking,23e7c0770,FUN_23e93df40,FUN_23e7b73b0,_DAT_23eedaa98,246,3,_DAT_23eed8000,_DAT_23eed7ea0,_DAT_23eed8070,uVar23&0xffffffff00000000,1365,
workers.fishing.meal_system,23e7ddc40,FUN_23e93e480,FUN_23e7c3620,_DAT_23eed7938,43,3,DAT_23ed6cdb0,uRam000000023eed77a8,uRam000000023eed78b8,2,741,
workers.fishing.meal_system,23e7ddc40,FUN_23e93e1e0,FUN_23e7ccb30,_DAT_23eeded78,47,3,uRam000000023eed72f8,uRam000000023eed77b8,uRam000000023eed7908,uVar8,750,
workers.fishing.meal_system,23e7ddc40,FUN_23e93e1e0,FUN_23e7ce9d0,_DAT_23eeded48,73,3,uRam000000023eed7308,uRam000000023eed77c8,uRam000000023eed7910,uVar8,759,
workers.fishing.meal_system,23e7ddc40,FUN_23e93e1e0,FUN_23e86c4b0,_DAT_23eeded38,81,3,DAT_23eed72a8,uRam000000023eed77e0,uRam000000023eed78c8,uVar8,886,
workers.fishing.meal_system,23e7ddc40,FUN_23e93e1e0,FUN_23e7cf6d0,_DAT_23eeded20,119,3,uRam000000023eed74a8,uRam000000023eed77f0,uRam000000023eed78f0,uVar8,919,
workers.fishing.meal_system,23e7ddc40,FUN_23e93e1e0,FUN_23e7d2360,_DAT_23eeded08,165,3,DAT_23ed6cdb0,uRam000000023eed7800,uRam000000023eed78b0,1,1032,
workers.fishing.meal_system,23e7ddc40,FUN_23e93e1e0,FUN_23e7d2ce0,_DAT_23eedece8,174,3,uRam000000023eed75d0,uRam000000023eed7808,uRam000000023eed7918,uVar8,1041,
workers.fishing.meal_system,23e7ddc40,FUN_23e93e1e0,FUN_23e7d48b0,_DAT_23eedeca8,210,3,uRam000000023eed73b0,uRam000000023eed7810,uRam000000023eed7920,uVar22,1051,
workers.fishing.meal_system,23e7ddc40,FUN_23e93e480,FUN_23e86f5e0,uVar2,,,uVar8,uVar6,,,1224,
workers.fishing.meal_system,23e7ddc40,FUN_23e93e1e0,FUN_23e871880,_DAT_23eedec80,285,3,DAT_23eed7538,uRam000000023eed7840,uRam000000023eed78d0,uVar8,1268,
workers.fishing.meal_system,23e7ddc40,FUN_23e93e1e0,FUN_23e8721f0,_DAT_23eedec70,292,3,uRam000000023eed7590,uRam000000023eed7848,uRam000000023eed78d0,uVar8,1313,
workers.fishing.meal_system,23e7ddc40,FUN_23e93e1e0,FUN_23e872b60,_DAT_23eedec60,299,3,DAT_23eed74e8,uRam000000023eed7858,uRam000000023eed78f8,uVar8,1359,
workers.fishing.meal_system,23e7ddc40,FUN_23e93e1e0,FUN_23e7d6e30,_DAT_23eedec50,308,3,DAT_23eed7508,uRam000000023eed7868,uRam000000023eed78e8,uVar8,1377,
workers.fishing.meal_system,23e7ddc40,FUN_23e93e1e0,FUN_23e7d7fc0,_DAT_23eedec40,321,3,uRam000000023eed7640,uRam000000023eed7870,uRam000000023eed78e0,uVar8,1387,
workers.fishing.meal_system,23e7ddc40,FUN_23e93e1e0,FUN_23e7d9190,DAT_23eedec30,341,3,uRam000000023eed7660,uRam000000023eed7878,uRam000000023eed78d8,uVar8,1397,
workers.fishing.meal_system,23e7ddc40,FUN_23e93e1e0,FUN_23e7db3b0,_DAT_23eedec20,375,3,uRam000000023eed7668,uRam000000023eed7880,uRam000000023eed78d8,uVar8,1407,
workers.fishing.meal_system,23e7ddc40,FUN_23e93e1e0,FUN_23e873160,_DAT_23eedec10,409,3,uRam000000023eed76d8,uRam000000023eed7888,uRam000000023eed7930,1,1417,
workers.fishing.meal_system,23e7ddc40,FUN_23e93df40,FUN_23e7dd5d0,_DAT_23eedec00,484,3,uRam000000023eed7890,uRam000000023eed76e0,uRam000000023eed7928,uVar22&0xffffffff00000000,1463,
workers.fishing.memory_fish_read,23e7fb4a0,FUN_23e93df40,FUN_23e7e1110,_DAT_23eedebb8,45,3,_DAT_23eeddf50,0,_DAT_23eede188,uVar27&0xffffffff00000000,1239,
workers.fishing.memory_fish_read,23e7fb4a0,FUN_23e93df40,FUN_23e7e24b0,_DAT_23eedeba8,58,3,_DAT_23eeddf58,0,_DAT_23eede198,1,1245,
workers.fishing.memory_fish_read,23e7fb4a0,FUN_23e93df40,FUN_23e876760,_DAT_23eedeb88,63,3,DAT_23eeddcf0,0,_DAT_23eede1a0,3,1251,
workers.fishing.memory_fish_read,23e7fb4a0,FUN_23e93df40,FUN_23e7e2d00,_DAT_23eedeb80,71,35,_DAT_23eeddce0,0,_DAT_23eede190,1,1257,
workers.fishing.memory_fish_read,23e7fb4a0,FUN_23e93df40,FUN_23e7e4bc0,uVar9,,,uVar11,0,,,1267,
workers.fishing.memory_fish_read,23e7fb4a0,FUN_23e93df40,FUN_23e7e6b30,_DAT_23eedeb30,99,3,DAT_23eedddb0,0,_DAT_23eede180,uVar27,1272,
workers.fishing.memory_fish_read,23e7fb4a0,FUN_23e93df40,FUN_23e7e8670,DAT_23eedeb18,,,uVar11,0,,,1280,
workers.fishing.memory_fish_read,23e7fb4a0,FUN_23e93df40,FUN_23e7eaea0,DAT_23eedeb00,126,3,_DAT_23eedde38,_DAT_23eedde30,_DAT_23eede168,uVar27,1285,
workers.fishing.memory_fish_read,23e7fb4a0,FUN_23e93e1e0,FUN_23e7ee8c0,_DAT_23eedeae0,165,3,DAT_23ed6cdb0,_DAT_23eede0d8,_DAT_23eede160,uVar27,1302,
workers.fishing.memory_fish_read,23e7fb4a0,FUN_23e93e1e0,FUN_23e7ef2c0,_DAT_23eedeac8,175,3,_DAT_23eeddee8,_DAT_23eede0e0,_DAT_23eede160,1,1313,
workers.fishing.memory_fish_read,23e7fb4a0,FUN_23e93e1e0,FUN_23e7f0b40,_DAT_23eedeab8,194,3,_DAT_23eede0e8,_DAT_23eede0f0,_DAT_23eede160,1,1325,
workers.fishing.memory_fish_read,23e7fb4a0,FUN_23e93e480,FUN_23e7f1ee0,_DAT_23eedeaa8,208,3,_DAT_23eede108,_DAT_23eede110,_DAT_23eede1b8,2,1341,
workers.fishing.memory_fish_read,23e7fb4a0,FUN_23e93e1e0,FUN_23e7f2380,_DAT_23eedea98,213,3,_DAT_23eede118,_DAT_23eede120,_DAT_23eede160,1,1354,
workers.fishing.memory_fish_read,23e7fb4a0,FUN_23e93e480,FUN_23e7f3420,uVar4,219,3,_DAT_23eede130,uVar9,_DAT_23eede1b0,2,1372,
workers.fishing.memory_fish_read,23e7fb4a0,FUN_23e93e1e0,FUN_23e7f5660,_DAT_23eedea78,241,3,_DAT_23eedded0,_DAT_23eede140,_DAT_23eede1a8,1,1383,
workers.fishing.path_utils,23e827d60,FUN_23e93df40,FUN_23e825840,DAT_23eede770,10,3,DAT_23eedd020,DAT_23eedd018,_DAT_23eedd0e0,uVar19&0xffffffff00000000,259,
workers.fishing.path_utils,23e827d60,FUN_23e93df40,FUN_23e826850,DAT_23eede758,,,DAT_23eedd038,DAT_23eedd030,,,266,
workers.fishing.path_utils,23e827d60,FUN_23e93df40,FUN_23e826c80,DAT_23eede748,50,3,DAT_23eedd0b8,uVar9,_DAT_23eedd0e8,1,278,
workers.fishing.path_utils,23e827d60,FUN_23e93df40,FUN_23e827580,DAT_23eede730,68,3,DAT_23eedd0c0,DAT_23eedd060,_DAT_23eedd0d8,uVar19,285,
workers.fishing.store_fish,23e82f430,FUN_23e93e480,LAB_23e828a20,DAT_23eede700,33,3,DAT_23ed6cdb0,_DAT_23eedce90,_DAT_23eedcf68,2,695,
workers.fishing.store_fish,23e82f430,FUN_23e93e1e0,FUN_23e828ef0,DAT_23eede6f0,37,3,DAT_23eedca50,_DAT_23eedcea0,_DAT_23eedcf98,uVar8,704,
workers.fishing.store_fish,23e82f430,FUN_23e93e1e0,FUN_23e82ad30,DAT_23eede6c0,63,3,DAT_23eedca60,_DAT_23eedceb0,_DAT_23eedcfa0,uVar8,713,
workers.fishing.store_fish,23e82f430,FUN_23e93e1e0,FUN_23e887a60,_DAT_23eede6b0,71,3,DAT_23eedca10,_DAT_23eedcec8,_DAT_23eedcf78,uVar8,840,
workers.fishing.store_fish,23e82f430,FUN_23e93e480,FUN_23e82ba40,_DAT_23eede698,109,3,_DAT_23eedcc70,_DAT_23eedcee0,_DAT_23eedcf80,uVar8,876,
workers.fishing.store_fish,23e82f430,FUN_23e93e1e0,FUN_23e82e4a0,_DAT_23eede688,155,3,DAT_23ed6cdb0,_DAT_23eedcef0,_DAT_23eedcf60,1,988,
workers.fishing.store_fish,23e82f430,FUN_23e93e1e0,FUN_23e88aa80,DAT_23eede668,163,3,_DAT_23eedccd8,_DAT_23eedcef8,_DAT_23eedcfa8,uVar8,997,
workers.fishing.store_fish,23e82f430,FUN_23e93e1e0,FUN_23e88c3c0,_DAT_23eede648,198,3,DAT_23eedcb28,_DAT_23eedcf00,_DAT_23eedcfb0,uVar22,1006,
workers.fishing.store_fish,23e82f430,FUN_23e93e480,FUN_23e88f040,uVar2,243,3,_DAT_23eedcbf8,uVar6,_DAT_23eedcf90,uVar8,1178,
workers.fishing.store_fish,23e82f430,FUN_23e93e1e0,FUN_23e891f10,_DAT_23eede620,288,3,_DAT_23eedcd40,_DAT_23eedcf20,_DAT_23eedcf88,uVar8,1221,
workers.fishing.store_fish,23e82f430,FUN_23e93e1e0,FUN_23e893cf0,_DAT_23eede610,314,3,_DAT_23eedcd70,_DAT_23eedcf30,_DAT_23eedcfc8,2,1254,
workers.fishing.store_fish,23e82f430,FUN_23e93e1e0,FUN_23e896660,_DAT_23eede5f0,362,3,_DAT_23eedcde0,_DAT_23eedcf38,_DAT_23eedcfc0,1,1262,
workers.fishing.store_fish,23e82f430,FUN_23e93df40,FUN_23e82edd0,_DAT_23eede5e0,422,3,_DAT_23eedcf40,uVar8,_DAT_23eedcfb8,uVar22&0xffffffff00000000,1344,
workers.fishing.trigger_monitor,23e843640,FUN_23e93e480,LAB_23e832330,DAT_23eede598,48,3,DAT_23ed6cdb0,_DAT_23eedc668,_DAT_23eedc778,2,679,
workers.fishing.trigger_monitor,23e843640,FUN_23e93e1e0,FUN_23e832800,_DAT_23eede588,52,3,_DAT_23eedc450,_DAT_23eedc678,_DAT_23eedc7c8,uVar8,688,
workers.fishing.trigger_monitor,23e843640,FUN_23e93e1e0,FUN_23e834640,_DAT_23eede558,78,3,_DAT_23eedc478,_DAT_23eedc688,_DAT_23eedc7d8,uVar20,698,
workers.fishing.trigger_monitor,23e843640,FUN_23e93e1e0,FUN_23e89a0c0,DAT_23eede548,86,3,_DAT_23eedc520,_DAT_23eedc6a0,_DAT_23eedc7b0,uVar8,831,
workers.fishing.trigger_monitor,23e843640,FUN_23e93e1e0,FUN_23e835350,_DAT_23eede530,127,3,DAT_23ed6cdb0,_DAT_23eedc6b8,_DAT_23eedc770,3,971,
workers.fishing.trigger_monitor,23e843640,FUN_23e93e1e0,FUN_23e836bd0,_DAT_23eede4c8,158,3,_DAT_23eedc0e8,_DAT_23eedc6c8,_DAT_23eedc790,1,980,
workers.fishing.trigger_monitor,23e843640,FUN_23e93e1e0,FUN_23e83a540,DAT_23eede4a8,190,3,_DAT_23eedc120,_DAT_23eedc6d8,_DAT_23eedc788,2,1124,
workers.fishing.trigger_monitor,23e843640,FUN_23e93e1e0,FUN_23e83b350,_DAT_23eede498,203,3,_DAT_23eedc278,_DAT_23eedc6f0,_DAT_23eedc798,3,1203,
workers.fishing.trigger_monitor,23e843640,FUN_23e93e1e0,FUN_23e89c9d0,_DAT_23eede488,220,3,_DAT_23eedc270,_DAT_23eedc700,_DAT_23eedc780,3,1276,
workers.fishing.trigger_monitor,23e843640,FUN_23e93e1e0,FUN_23e89d670,_DAT_23eede478,229,3,_DAT_23eedc2c0,_DAT_23eedc708,_DAT_23eedc7b8,uVar8,1321,
workers.fishing.trigger_monitor,23e843640,FUN_23e93e1e0,FUN_23e89ec50,_DAT_23eede468,254,3,_DAT_23eedc2d0,_DAT_23eedc710,_DAT_23eedc7b8,uVar8,1359,
workers.fishing.trigger_monitor,23e843640,FUN_23e93e1e0,FUN_23e8a0230,_DAT_23eede458,279,3,_DAT_23eedc2e0,_DAT_23eedc718,_DAT_23eedc7b8,uVar8,1397,
workers.fishing.trigger_monitor,23e843640,FUN_23e93e1e0,FUN_23e8a0eb0,_DAT_23eede448,294,3,_DAT_23eedc2e8,_DAT_23eedc720,_DAT_23eedc7b8,uVar8,1435,
workers.fishing.trigger_monitor,23e843640,FUN_23e93e1e0,FUN_23e8a2490,_DAT_23eede438,319,3,_DAT_23eedc2f8,_DAT_23eedc728,_DAT_23eedc7b8,uVar8,1473,
workers.fishing.trigger_monitor,23e843640,FUN_23e93e1e0,FUN_23e83c3f0,_DAT_23eede428,339,3,_DAT_23eedc550,_DAT_23eedc730,_DAT_23eedc7e8,2,1511,
workers.fishing.trigger_monitor,23e843640,FUN_23e93df40,FUN_23e83d2f0,_DAT_23eede418,363,3,_DAT_23eedc488,_DAT_23eedc370,_DAT_23eedc7c0,uVar8,1563,
workers.fishing.trigger_monitor,23e843640,FUN_23e93df40,FUN_23e8a3670,_DAT_23eede408,375,3,_DAT_23eedc558,_DAT_23eedc418,_DAT_23eedc7d0,uVar8,1567,
workers.fishing.trigger_monitor,23e843640,FUN_23e93df40,FUN_23e83de30,_DAT_23eede3f8,418,3,_DAT_23eedc748,0,_DAT_23eedc7e0,uVar20&0xffffffff00000000,1570,
workers.fishing.window_activator,23e8549f0,FUN_23e93e480,FUN_23e846e80,uVar6,44,3,_DAT_23eedbdd0,_DAT_23eedbe38,_DAT_23eedbea8,uVar22,433,
workers.fishing.window_activator,23e8549f0,FUN_23e93e480,FUN_23e846e80,uVar6,,,_DAT_23eedbdd0,_DAT_23eedbe38,,,457,
workers.fishing.window_activator,23e8549f0,FUN_23e93e480,FUN_23e848360,uVar6,69,3,_DAT_23eedbde8,_DAT_23eedbe50,_DAT_23eedbe90,2,496,
workers.fishing.window_activator,23e8549f0,FUN_23e93e480,FUN_23e848360,uVar6,,,_DAT_23eedbde8,_DAT_23eedbe50,,,519,
workers.fishing.window_activator,23e8549f0,FUN_23e93e1e0,FUN_23e854310,_DAT_23eede338,249,3,_DAT_23eedbe58,_DAT_23eedbe60,_DAT_23eedbeb0,uVar22&0xffffffff00000000,568,
workers.fishing.window_activator,23e8549f0,FUN_23e93e1e0,FUN_23e854310,_DAT_23eede338,,,_DAT_23eedbe58,_DAT_23eedbe60,,,589,
workers.fishing.window_capture,23e85df00,FUN_23e93e480,LAB_23e8566e0,DAT_23eede300,20,3,DAT_23ed6cdb0,_DAT_23eedba28,_DAT_23eedbb28,2,512,
workers.fishing.window_capture,23e85df00,FUN_23e93e1e0,FUN_23e856d00,_DAT_23eede2f0,26,3,_DAT_23eedba38,_DAT_23eedba40,_DAT_23eedbb60,1,521,
workers.fishing.window_capture,23e85df00,FUN_23e93e1e0,FUN_23e858b40,DAT_23eede2c0,52,3,_DAT_23eedba50,_DAT_23eedba58,_DAT_23eedbb68,1,531,
workers.fishing.window_capture,23e85df00,FUN_23e93e1e0,FUN_23e8a9110,DAT_23eede2b0,59,3,_DAT_23eedba70,_DAT_23eedba78,_DAT_23eedbb48,1,655,
workers.fishing.window_capture,23e85df00,FUN_23e93e1e0,FUN_23e859850,DAT_23eede298,96,3,DAT_23eedb938,_DAT_23eedba88,_DAT_23eedbb30,3,690,
workers.fishing.window_capture,23e85df00,FUN_23e93e480,FUN_23e85a8f0,DAT_23eede288,104,3,_DAT_23eedbaa0,_DAT_23eedbaa8,_DAT_23eedbb50,4,703,
workers.fishing.window_capture,23e85df00,FUN_23e93e1e0,FUN_23e85bc50,_DAT_23eede278,121,3,_DAT_23eedbab8,_DAT_23eedbac0,_DAT_23eedbb58,3,713,
workers.fishing.window_capture,23e85df00,FUN_23e93e1e0,FUN_23e85cf40,_DAT_23eede268,137,3,_DAT_23eedbad0,_DAT_23eedbad8,_DAT_23eedbb70,2,723,
workers.fishing.window_capture,23e85df00,FUN_23e93e1e0,FUN_23e85d480,_DAT_23eede258,142,3,_DAT_23eedbae0,_DAT_23eedbae8,_DAT_23eedbb70,2,733,
workers.fishing.window_capture,23e85df00,FUN_23e93e1e0,FUN_23e85d9c0,_DAT_23eede248,147,3,_DAT_23eedbaf0,_DAT_23eedbaf8,_DAT_23eedbb70,2,743,
workers.fishing.window_capture,23e85df00,FUN_23e93e1e0,FUN_23e86bd20,_DAT_23eede238,152,3,_DAT_23eedbb00,_DAT_23eedbb08,_DAT_23eedbb70,1,752,
workers.fishing.fishing_bot,23e780c30,INFERRED_ADDRESS_RANGE,FUN_23e71f6d0,,,,,,,,,FishingBot
workers.fishing.fishing_bot,23e780c30,INFERRED_ADDRESS_RANGE,FUN_23e71fc80,,,,,,,,,FishingBot.__init__
workers.fishing.fishing_bot,23e780c30,INFERRED_ADDRESS_RANGE,FUN_23e723410,,,,,,,,,FishingBot.reload_settings
workers.fishing.fishing_bot,23e780c30,INFERRED_ADDRESS_RANGE,FUN_23e723fb0,,,,,,,,,FishingBot.start
workers.fishing.fishing_bot,23e780c30,INFERRED_ADDRESS_RANGE,FUN_23e725c90,,,,,,,,,FishingBot.stop
workers.fishing.fishing_bot,23e780c30,INFERRED_ADDRESS_RANGE,FUN_23e726bf0,,,,,,,,,FishingBot._monitor_loop
workers.fishing.fishing_bot,23e780c30,INFERRED_ADDRESS_RANGE,FUN_23e7280f0,,,,,,,,,FishingBot._get_triggers
workers.fishing.fishing_bot,23e780c30,INFERRED_ADDRESS_RANGE,FUN_23e7491b0,,,,,,,,,FishingBot._is_trigger_active
workers.fishing.fishing_bot,23e780c30,INFERRED_ADDRESS_RANGE,FUN_23e749a20,,,,,,,,,FishingBot._brain_loop
workers.fishing.fishing_bot,23e780c30,INFERRED_ADDRESS_RANGE,FUN_23e74bd70,,,,,,,,,FishingBot._run_casting_module
workers.fishing.fishing_bot,23e780c30,INFERRED_ADDRESS_RANGE,FUN_23e750d60,,,,,,,,,FishingBot._run_hooking_module
workers.fishing.fishing_bot,23e780c30,INFERRED_ADDRESS_RANGE,FUN_23e7528d0,,,,,,,,,FishingBot._run_reeling_module
workers.fishing.fishing_bot,23e780c30,INFERRED_ADDRESS_RANGE,FUN_23e754cd0,,,,,,,,,FishingBot._do_casting
workers.fishing.fishing_bot,23e780c30,INFERRED_ADDRESS_RANGE,FUN_23e7582c0,,,,,,,,,FishingBot._do_hooking
workers.fishing.fishing_bot,23e780c30,INFERRED_ADDRESS_RANGE,FUN_23e75b480,,,,,,,,,FishingBot._do_fish_catch
workers.fishing.fishing_bot,23e780c30,INFERRED_ADDRESS_RANGE,FUN_23e75c120,,,,,,,,,FishingBot._handle_pending_tasks
workers.fishing.fishing_bot,23e780c30,INFERRED_ADDRESS_RANGE,FUN_23e75d510,,,,,,,,,FishingBot._do_combined_inventory_tasks
workers.fishing.fishing_bot,23e780c30,INFERRED_ADDRESS_RANGE,FUN_23e75dc10,,,,,,,,,FishingBot._do_meal_actions
workers.fishing.fishing_bot,23e780c30,INFERRED_ADDRESS_RANGE,FUN_23e7610e0,,,,,,,,,FishingBot._do_backpack_actions
workers.fishing.fishing_bot,23e780c30,INFERRED_ADDRESS_RANGE,FUN_23e764e30,,,,,,,,,FishingBot._do_meal_routine
workers.fishing.fishing_bot,23e780c30,INFERRED_ADDRESS_RANGE,FUN_23e769800,,,,,,,,,FishingBot._do_store_backpack_routine
workers.fishing.fishing_bot,23e780c30,INFERRED_ADDRESS_RANGE,FUN_23e769f00,,,,,,,,,FishingBot._do_garbage
workers.fishing.fishing_bot,23e780c30,INFERRED_ADDRESS_RANGE,FUN_23e76e6f0,,,,,,,,,FishingBot._do_change_bait
workers.fishing.fishing_bot,23e780c30,INFERRED_ADDRESS_RANGE,FUN_23e76edf0,,,,,,,,,FishingBot._do_store_trunk
workers.fishing.fishing_bot,23e780c30,INFERRED_ADDRESS_RANGE,FUN_23e7724a0,,,,,,,,,FishingBot._do_exit_fishing_on_pereves
workers.fishing.fishing_bot,23e780c30,INFERRED_ADDRESS_RANGE,FUN_23e773110,,,,,,,,,FishingBot._wait_for_start_phase
workers.fishing.fishing_bot,23e780c30,INFERRED_ADDRESS_RANGE,FUN_23e778710,,,,,,,,,FishingBot._exit_fishing
workers.fishing.fishing_bot,23e780c30,INFERRED_ADDRESS_RANGE,FUN_23e7790f0,,,,,,,,,FishingBot._open_inventory
workers.fishing.fishing_bot,23e780c30,INFERRED_ADDRESS_RANGE,FUN_23e779790,,,,,,,,,FishingBot._return_to_fishing
workers.fishing.fishing_bot,23e780c30,INFERRED_ADDRESS_RANGE,FUN_23e779ca0,,,,,,,,,FishingBot._try_recover
workers.fishing.fishing_bot,23e780c30,INFERRED_ADDRESS_RANGE,FUN_23e77a2d0,,,,,,,,,FishingBot._sleep
workers.fishing.fishing_bot,23e780c30,INFERRED_ADDRESS_RANGE,FUN_23e77ae10,,,,,,,,,FishingBot._load_fish_names
workers.fishing.fishing_bot,23e780c30,INFERRED_ADDRESS_RANGE,FUN_23e77e4b0,,,,,,,,,FishingBot._get_fish_name_ru
workers.fishing.fishing_bot,23e780c30,INFERRED_ADDRESS_RANGE,FUN_23e77e960,,,,,,,,,FishingBot._log
workers.fishing.fishing_bot,23e780c30,INFERRED_ADDRESS_RANGE,FUN_23e77f390,,,,,,,,,FishingBot._capture_screenshot_bytes
workers.fishing.memory_reeling,23e81e380,INFERRED_ADDRESS_RANGE,FUN_23e7fea70,,,,,,,,,MemoryReelingTracker.__init__
workers.fishing.memory_reeling,23e81e380,INFERRED_ADDRESS_RANGE,FUN_23e7ffd30,,,,,,,,,MemoryReelingTracker._log
workers.fishing.memory_reeling,23e81e380,INFERRED_ADDRESS_RANGE,FUN_23e800240,,,,,,,,,MemoryReelingTracker.start
workers.fishing.memory_reeling,23e81e380,INFERRED_ADDRESS_RANGE,FUN_23e801b80,,,,,,,,,MemoryReelingTracker.stop
workers.fishing.memory_reeling,23e81e380,INFERRED_ADDRESS_RANGE,FUN_23e8026b0,,,,,,,,,MemoryReelingTracker.step
workers.fishing.memory_reeling,23e81e380,INFERRED_ADDRESS_RANGE,FUN_23e80a550,,,,,,,,,MemoryReelingTracker._hold_key
workers.fishing.memory_reeling,23e81e380,INFERRED_ADDRESS_RANGE,FUN_23e80ab40,,,,,,,,,MemoryReelingTracker._release_key
workers.fishing.memory_reeling,23e81e380,INFERRED_ADDRESS_RANGE,FUN_23e80b5c0,,,,,,,,,MemoryReelingTracker._get_pid
workers.fishing.memory_reeling,23e81e380,INFERRED_ADDRESS_RANGE,FUN_23e80bb70,,,,,,,,,MemoryReelingTracker._read
workers.fishing.memory_reeling,23e81e380,INFERRED_ADDRESS_RANGE,FUN_23e80c310,,,,,,,,,MemoryReelingTracker._u64
workers.fishing.memory_reeling,23e81e380,INFERRED_ADDRESS_RANGE,FUN_23e80c8c0,,,,,,,,,MemoryReelingTracker._f32
workers.fishing.memory_reeling,23e81e380,INFERRED_ADDRESS_RANGE,FUN_23e80db10,,,,,,,,,MemoryReelingTracker._i32
workers.fishing.memory_reeling,23e81e380,INFERRED_ADDRESS_RANGE,FUN_23e80dff0,,,,,,,,,MemoryReelingTracker._read_pos
workers.fishing.memory_reeling,23e81e380,INFERRED_ADDRESS_RANGE,FUN_23e810950,,,,,,,,,MemoryReelingTracker._is_ptr
workers.fishing.memory_reeling,23e81e380,INFERRED_ADDRESS_RANGE,FUN_23e8116a0,,,,,,,,,MemoryReelingTracker._get_modules
workers.fishing.memory_reeling,23e81e380,INFERRED_ADDRESS_RANGE,FUN_23e812d00,,,,,,,,,MemoryReelingTracker._pattern_scan
workers.fishing.memory_reeling,23e81e380,INFERRED_ADDRESS_RANGE,FUN_23e813650,,,,,,,,,MemoryReelingTracker._find_cped
workers.fishing.memory_reeling,23e81e380,INFERRED_ADDRESS_RANGE,FUN_23e8186f0,,,,,,,,,MemoryReelingTracker._find_replay_interface_global
workers.fishing.memory_reeling,23e81e380,INFERRED_ADDRESS_RANGE,FUN_23e818f10,,,,,,,,,MemoryReelingTracker._read_entity_hash
workers.fishing.memory_reeling,23e81e380,INFERRED_ADDRESS_RANGE,FUN_23e81ccf0,,,,,,,,,MemoryReelingTracker._find_fish_addr_replay
workers.fishing.memory_reeling,23e81e380,INFERRED_ADDRESS_RANGE,FUN_23e81da40,,,,,,,,,MemoryReelingTracker._read_player_right_vec
