module,inferred_qualname,impl_entry,line,arg_count,codevar,qualname_hint,has_decompiled_c
__main__,icon.ico,FUN_23aaf7d20,51,uVar24,_DAT_23ed90d00,,True
__main__,ui.main_window,FUN_23aaa2cd0,79,uVar24,_DAT_23ed90ce8,,True
__main__,LicensedApplication.__init__,FUN_23aaa5380,117,uVar12,_DAT_23ed90cd0,,True
__main__,LicensedApplication.check_and_activate_license,FUN_23aaa88f0,165,uVar24,DAT_23ed90c88,,True
__main__,LicensedApplication.show_activation_dialog,FUN_23aaa9730,185,2,DAT_23ed90c78,,True
__main__,LicensedApplication.on_license_expired,FUN_23aaaaad0,223,2,DAT_23ed90c60,,True
__main__,LicensedApplication.handle_license_expiration,FUN_23aaab8b0,249,uVar24,_DAT_23ed90c50,,True
__main__,LicensedApplication.send_license_expired_notification,FUN_23aaac430,271,2,_DAT_23ed90c40,,True
__main__,LicensedApplication.run,FUN_23aaaf2c0,328,1,_DAT_23ed90c30,,True
__main__,main.py,FUN_23aab14c0,374,uVar24&0xffffffff00000000,_DAT_23ed90c18,,True
__parents_main__,icon.ico,FUN_23ab09180,51,uVar24,DAT_23ed90b28,,True
__parents_main__,multiprocessing.spawn,FUN_23aab4840,79,uVar24,DAT_23ed90b10,,True
__parents_main__,ui.main_window,FUN_23aab6ef0,117,uVar24,DAT_23ed90af8,,True
__parents_main__,LicensedApplication.__init__,FUN_23aaba460,165,uVar24,DAT_23ed90ab0,,True
__parents_main__,LicensedApplication.check_and_activate_license,FUN_23aabb2a0,185,2,DAT_23ed90aa0,,True
__parents_main__,LicensedApplication.show_activation_dialog,FUN_23aabc640,223,2,DAT_23ed90a88,,True
__parents_main__,LicensedApplication.on_license_expired,FUN_23aabd420,249,uVar24,DAT_23ed90a78,,True
__parents_main__,LicensedApplication.handle_license_expiration,FUN_23aabdfa0,271,2,DAT_23ed90a68,,True
__parents_main__,LicensedApplication.send_license_expired_notification,FUN_23aac0e30,328,1,DAT_23ed90a58,,True
__parents_main__,LicensedApplication.run,FUN_23aac3030,374,uVar24&0xffffffff00000000,DAT_23ed90a40,,True
__parents_main__,main.py,FUN_23aaff5a0,419,uVar24,DAT_23ed90a08,,True
config_manager,fishing_settings.json,FUN_23c04ae50,21,1,DAT_23ee0b658,,True
config_manager,telegram_settings.json,FUN_23c0002b0,59,2,_DAT_23ee0b648,,True
config_manager,ConfigManager.__init__,FUN_23c0332d0,72,1,_DAT_23ee0b638,,True
config_manager,ConfigManager.load_fishing_settings,FUN_23c034280,78,1,_DAT_23ee0b628,,True
config_manager,ConfigManager.save_fishing_settings,FUN_23c035230,84,1,_DAT_23ee0b618,,True
config_manager,ConfigManager.get_fish_to_keep,FUN_23c0361e0,90,1,_DAT_23ee0b608,,True
config_manager,ConfigManager.get_fish_to_release,FUN_23c04cf50,100,1,_DAT_23ee0b5f8,,True
config_manager,ConfigManager.get_garbage_to_eject,FUN_23c001f30,134,2,_DAT_23ee0b5e8,,True
license.activation_dialog,ActivationDialog.__init__,FUN_23c60a570,46,1,DAT_23ee29f58,,True
license.activation_dialog,ActivationDialog.setup_ui,FUN_23c6178c0,281,2,DAT_23ee29f00,,True
license.activation_dialog,ActivationDialog._format_key_input,FUN_23c618600,298,1,DAT_23ee29ed0,,True
license.activation_dialog,ActivationDialog._on_activate_clicked,FUN_23c619660,313,2,DAT_23ee29eb0,,True
license.activation_dialog,ActivationDialog._do_activation,FUN_23c61ba20,333,3,uVar5,,True
license.activation_dialog,ActivationDialog._show_status,FUN_23c61c640,348,2,DAT_23ee29e90,,True
license.activation_dialog,ActivationDialog._open_url,FUN_23c609bc0,,,uVar10,,True
license.hwid_generator,,FUN_23c65bd40,22,uVar17&0xffffffff00000000,_DAT_23ee29d90,,True
license.hwid_generator,,FUN_23c65e4c0,48,uVar17,_DAT_23ee29d80,,True
license.hwid_generator,,FUN_23c61f120,116,uVar17,_DAT_23ee29d60,,True
license.hwid_generator,,FUN_23c6218f0,,,_DAT_23ee29d48,,True
license.license_client,license.enc,LAB_23c623f90,71,2,DAT_23ee29ce8,,True
license.license_client,cryptography.fernet,FUN_23c6244a0,75,2,_DAT_23ee29cd8,,True
license.license_client,LicenseClient.__init__,FUN_23c624960,79,2,_DAT_23ee29cc8,,True
license.license_client,LicenseClient._encrypt_data,FUN_23c626700,97,1,_DAT_23ee29cb8,,True
license.license_client,LicenseClient._decrypt_data,FUN_23c62a0e0,146,1,DAT_23ee29ca8,,True
license.license_client,LicenseClient._save_local_license,FUN_23c62b1b0,158,1,_DAT_23ee29c98,,True
license.license_client,LicenseClient._load_local_license,FUN_23c62d3d0,192,2,_DAT_23ee29c88,,True
license.license_client,LicenseClient._delete_local_license,FUN_23c630900,262,1,_DAT_23ee29c78,,True
license.license_client,LicenseClient._check_local_expiration,FUN_23c6350e0,355,2,_DAT_23ee29c68,,True
license.license_client,LicenseClient.activate,FUN_23c636410,369,2,_DAT_23ee29c58,,True
license.license_client,LicenseClient.validate,FUN_23c637110,392,1,_DAT_23ee29c48,,True
license.license_client,LicenseClient._handle_license_invalid,FUN_23c637910,400,1,_DAT_23ee29c38,,True
license.license_client,LicenseClient.start_background_check,FUN_23c63ab20,432,1,DAT_23ee29c28,,True
license.license_client,LicenseClient.stop_background_check,FUN_23c63af70,436,1,DAT_23ee29c18,,True
license.license_client,LicenseClient._background_check_loop,FUN_23c63b6d0,449,1,_DAT_23ee29c08,,True
telegram.bot_manager,TelegramBotManager._run_bot,FUN_23e10d9e0,43,2,_DAT_23eeab458,,True
telegram.bot_manager,handlers.menu_handler,FUN_23e10e0d0,49,1,_DAT_23eeab440,,True
telegram.bot_manager,handlers.fishing_handler,FUN_23e10f2e0,66,1,_DAT_23eeab428,,True
telegram.bot_manager,handlers.screenshot_handler,FUN_23e10fd40,83,1,_DAT_23eeab418,,True
telegram.bot_manager,handlers.system_handler,FUN_23e1117f0,99,1,DAT_23eeab410,,True
telegram.bot_manager,handlers.notifications_handler,FUN_23e10d3c0,,,uVar5,,True
telegram.handlers.fish_names_map,,LAB_23e113480,41,1,DAT_23eeab230,,True
telegram.handlers.fishing_handler,,FUN_23e0f0eb0,18,1,DAT_23eeab0b8,,True
telegram.handlers.fishing_handler,,LAB_23e1142b0,24,uVar17,DAT_23eeab178,,True
telegram.handlers.fishing_handler,,FUN_23e15f780,55,uVar17,DAT_23eeab168,,True
telegram.handlers.fishing_handler,,FUN_23e163eb0,104,uVar17&0xffffffff00000000,DAT_23eeab140,,True
telegram.handlers.fishing_handler,,FUN_23e115e40,132,uVar17,DAT_23eeab130,,True
telegram.handlers.fishing_handler,,FUN_23e117620,154,2,DAT_23eeab120,,True
telegram.handlers.menu_handler,,LAB_23e11b000,10,2,DAT_23eeab0a0,,True
telegram.handlers.menu_handler,,FUN_23e11b460,17,uVar17,_DAT_23eeab090,,True
telegram.handlers.menu_handler,,FUN_23e11bb50,27,uVar17,_DAT_23eeab080,,True
telegram.handlers.menu_handler,,FUN_23e11c180,36,uVar17&0xffffffff00000000,_DAT_23eeab070,,True
telegram.handlers.menu_handler,,FUN_23e11c860,44,2,_DAT_23eeab058,,True
telegram.handlers.notifications_handler,,LAB_23e120360,13,uVar17&0xffffffff00000000,DAT_23eeaafc8,,True
telegram.handlers.notifications_handler,,FUN_23e122ff0,75,2,_DAT_23eeaafa8,,True
telegram.handlers.screenshot_handler,workers.fishing.window_capture,FUN_23e144fc0,16,uVar17&0xffffffff00000000,DAT_23eeaaf48,,True
telegram.handlers.screenshot_handler,,FUN_23e0f0fd0,33,uVar17&0xffffffff00000000,DAT_23eeaaf38,,True
telegram.handlers.screenshot_handler,,LAB_23e125790,59,1,DAT_23eeaaf20,,True
telegram.handlers.screenshot_handler,,FUN_23e125a00,79,2,DAT_23eeaaf08,,True
telegram.handlers.system_handler,,LAB_23e128760,11,uVar18&0xffffffff00000000,DAT_23eeaae90,,True
telegram.handlers.system_handler,,FUN_23e128e90,20,uVar18&0xffffffff00000000,DAT_23eeaae78,,True
telegram.handlers.system_handler,,FUN_23e129d10,36,2,DAT_23eeaae68,,True
telegram.notification_manager,NotificationManager._send_message_async,LAB_23e12c310,17,uVar9,DAT_23eeaae00,,True
telegram.notification_manager,NotificationManager.__init__,FUN_23e12ca30,23,3,DAT_23eeaade8,,True
telegram.notification_manager,NotificationManager.initialize,FUN_23e12da40,34,uVar9,DAT_23eeaadd8,,True
telegram.notification_manager,NotificationManager._is_enabled,FUN_23e12e100,40,uVar21,DAT_23eeaadc8,,True
telegram.notification_manager,NotificationManager._send_sync,FUN_23e130800,79,uVar9,DAT_23eeaadc0,,True
telegram.notification_manager,NotificationManager.notify_caught_fish,FUN_23e130a70,94,3,DAT_23eeaada8,,True
telegram.notification_manager,NotificationManager.notify_meal_eaten,FUN_23e1318c0,114,1,DAT_23eeaad90,,True
telegram.notification_manager,NotificationManager.notify_meal_ended,FUN_23e131e80,122,1,DAT_23eeaad80,,True
telegram.notification_manager,NotificationManager.notify_backpack_stored,FUN_23e132440,130,1,DAT_23eeaad70,,True
telegram.notification_manager,NotificationManager.notify_backpack_full,FUN_23e132a00,138,1,DAT_23eeaad60,,True
telegram.notification_manager,NotificationManager.notify_inventory_full,FUN_23e132fc0,146,3,DAT_23eeaad50,,True
telegram.notification_manager,NotificationManager.notify_fishing_restored,FUN_23e133a90,166,2,DAT_23eeaad40,,True
telegram.notification_manager,NotificationManager.notify_fishing_failed,FUN_23e1343f0,182,2,DAT_23eeaad30,,True
telegram.notification_manager,NotificationManager.notify_tackle_ended,FUN_23e134d50,198,1,DAT_23eeaad20,,True
telegram.notification_manager,NotificationManager.notify_bait_changed,FUN_23e135310,206,1,DAT_23eeaad10,,True
telegram.notification_manager,,FUN_23e1358d0,,,DAT_23eeaad00,,True
ui.fish_settings_dialog,FishCard.__init__,FUN_23e275120,,,_DAT_23eeb07b0,,True
ui.fish_settings_dialog,FishCard.is_keep,FUN_23e275530,,,_DAT_23eeb0788,,True
ui.fish_settings_dialog,FishCard.set_keep,FUN_23e2759a0,,,uVar14,,True
ui.fish_settings_dialog,FishSettingsDialog.__init__,FUN_23e2763b0,,,_DAT_23eeb07b8,,True
ui.fish_settings_dialog,FishSettingsDialog.init_ui,FUN_23e279720,,,DAT_23eeb0798,,True
ui.fish_settings_dialog,FishSettingsDialog.save_and_close,FUN_23e279d30,,,DAT_23eeb07a0,,True
ui.fish_settings_dialog,FishSettingsDialog.load_saved_settings,FUN_23e27a380,,,DAT_23eeb0790,,True
ui.fish_settings_dialog,FishSettingsDialog.load_fish_list,FUN_23e27abc0,,,DAT_23eeb07c8,,True
ui.fish_settings_dialog,FishSettingsDialog.select_all,FUN_23e27b400,,,_DAT_23eeb07c0,,True
ui.fish_settings_dialog,FishSettingsDialog.deselect_all,FUN_23e308230,,,DAT_23eeb07a8,,True
ui.fish_settings_dialog,FishSettingsDialog.get_settings,LAB_23e270fe0,,,DAT_23eeb07d8,,True
ui.fishing_tab,workers.fishing.fishing_bot,FUN_23e2808b0,,,uVar12,,True
ui.fishing_tab,workers.fishing.window_activator,FUN_23e280ed0,,,_DAT_23eeb0638,,True
ui.fishing_tab,BotWorkerThread.__init__,FUN_23e281710,,,_DAT_23eeb0618,,True
ui.garbage_settings_dialog,GarbageCard.__init__,FUN_23e2a5cb0,,,_DAT_23eeb0490,,True
ui.garbage_settings_dialog,GarbageCard.is_eject,FUN_23e2a9df0,,,DAT_23eeb0468,,True
ui.garbage_settings_dialog,GarbageCard.set_eject,FUN_23e2aa200,,,DAT_23eeb0440,,True
ui.garbage_settings_dialog,GarbageSettingsDialog.__init__,FUN_23e2aa670,,,uVar14,,True
ui.garbage_settings_dialog,GarbageSettingsDialog.init_ui,FUN_23e2ab080,,,_DAT_23eeb0470,,True
ui.garbage_settings_dialog,GarbageSettingsDialog.save_and_close,FUN_23e2ae3f0,,,_DAT_23eeb0450,,True
ui.garbage_settings_dialog,GarbageSettingsDialog.load_saved_settings,FUN_23e2aea00,,,_DAT_23eeb0458,,True
ui.garbage_settings_dialog,GarbageSettingsDialog.load_garbage_list,FUN_23e2af050,,,_DAT_23eeb0448,,True
ui.garbage_settings_dialog,GarbageSettingsDialog.select_all,FUN_23e2af890,,,_DAT_23eeb0480,,True
ui.garbage_settings_dialog,GarbageSettingsDialog.deselect_all,FUN_23e2b00d0,,,_DAT_23eeb0478,,True
ui.garbage_settings_dialog,GarbageSettingsDialog.get_settings,FUN_23e30b240,,,_DAT_23eeb0460,,True
ui.home_tab,HomeTab.__init__,FUN_23e2b6010,54,1,DAT_23eeb0368,,True
ui.home_tab,HomeTab.init_ui,FUN_23e2c3530,219,2,DAT_23eeb0328,,True
ui.home_tab,HomeTab._create_card,FUN_23e2c46d0,247,3,DAT_23eeb0310,,True
ui.home_tab,HomeTab._create_info_row,FUN_23e2c5810,264,1,DAT_23eeb0300,,True
ui.home_tab,HomeTab._get_link_button_style,FUN_23e2c5dd0,284,2,DAT_23eeb02f0,,True
ui.home_tab,HomeTab._open_url,FUN_23e2c6870,289,1,DAT_23eeb02d0,,True
ui.home_tab,HomeTab.update_license_info,FUN_23e2cc5b0,375,1,DAT_23eeb02b8,,True
ui.home_tab,HomeTab.load_server_info,FUN_23e2cf8f0,406,2,DAT_23eeb02a8,,True
ui.home_tab,HomeTab._convert_text_to_html,FUN_23e2d0320,429,1,DAT_23eeb0298,,True
ui.home_tab,HomeTab.apply_promocode,FUN_23e2b5580,,,uVar4,,True
ui.hotkey_dialog,pynput.keyboard,FUN_23e2da250,27,1,DAT_23eeb0250,,True
ui.hotkey_dialog,HotkeyDialog.__init__,FUN_23e2dcfa0,103,1,_DAT_23eeb0228,,True
ui.hotkey_dialog,HotkeyDialog.init_ui,FUN_23e2dd5c0,111,1,_DAT_23eeb0218,,True
ui.hotkey_dialog,HotkeyDialog.start_listening,FUN_23e2ddb00,117,2,_DAT_23eeb0208,,True
ui.hotkey_dialog,HotkeyDialog.stop_listening,FUN_23e2de990,129,2,_DAT_23eeb01f8,,True
ui.hotkey_dialog,HotkeyDialog.on_key_press,FUN_23e2e0080,162,1,_DAT_23eeb01e0,,True
ui.hotkey_dialog,HotkeyDialog.on_key_release,FUN_23e2e0830,171,2,_DAT_23eeb01d0,,True
ui.hotkey_dialog,HotkeyDialog.update_display,FUN_23e24f640,199,2,_DAT_23eeb01c0,,True
ui.hotkey_dialog,HotkeyDialog.format_hotkey,FUN_23e2e33e0,243,1,_DAT_23eeb01a0,,True
ui.hotkey_dialog,HotkeyDialog.get_key_name,FUN_23e2d98a0,,,uVar5,,True
ui.hotkey_dialog,HotkeyDialog.closeEvent,FUN_23e2e2dc0,,,_DAT_23eeb01b0,,True
ui.hotkey_listener,HotkeyListener.__init__,FUN_23e2e6460,43,uVar11,_DAT_23eeb0168,,True
ui.hotkey_listener,HotkeyListener.set_hotkey,FUN_23e2e6bf0,54,3,_DAT_23eeb0158,,True
ui.hotkey_listener,HotkeyListener.clear_hotkey,FUN_23e2e7d90,62,uVar20,_DAT_23eeb0148,,True
ui.hotkey_listener,HotkeyListener._parse_hotkey,FUN_23e2e8e20,69,uVar11,DAT_23eeb0138,,True
ui.hotkey_listener,HotkeyListener.start,FUN_23e2e9ec0,83,1,DAT_23eeb0120,,True
ui.hotkey_listener,HotkeyListener.stop,FUN_23e2eab40,103,1,DAT_23eeb0110,,True
ui.hotkey_listener,HotkeyListener._is_key_down,FUN_23e2eb260,111,uVar11,_DAT_23eeb0100,,True
ui.hotkey_listener,HotkeyListener._poll_loop,FUN_23e2eb880,115,uVar11,_DAT_23eeb00e8,,True
ui.hotkey_listener,HotkeyListener._format_current_combo,FUN_23e2f0660,157,uVar11,_DAT_23eeb00c0,,True
ui.hotkey_listener,HotkeyListener._get_key_name,FUN_23e2f0aa0,,,_DAT_23eeb00b0,,True
ui.ios_toggle,IOSToggle.__init__,FUN_23e2f3b90,46,2,_DAT_23eeb0050,,True
ui.ios_toggle,IOSToggle.on_state_changed,FUN_23e2f4330,56,1,_DAT_23eeb0040,,True
ui.ios_toggle,IOSToggle.circle_position,FUN_23e2f4710,60,2,_DAT_23eeb0030,,True
ui.ios_toggle,IOSToggle.hitButton,FUN_23e2f4bd0,64,2,_DAT_23eeb0020,,True
ui.ios_toggle,IOSToggle.paintEvent,FUN_23e2f5010,68,2,_DAT_23eeb0010,,True
ui.ios_toggle,IOSToggle.sizeHint,FUN_23e2f69b0,89,1,_DAT_23eeafff8,,True
ui.ios_toggle,IOSToggle.minimumSizeHint,FUN_23e2f6e70,92,1,_DAT_23eeaffe8,,True
ui.ios_toggle,,LAB_23e2f26d0,,,uVar3,,True
ui.main_window,icon.ico,FUN_23e2fa540,,,DAT_23eeac6a0,,True
ui.main_window,NeonLabel.__init__,FUN_23e2fca70,,,_DAT_23eeac690,,True
ui.main_window,NeonLabel.glow_intensity,FUN_23e2fce50,,,_DAT_23eeac688,,True
ui.main_window,NeonLabel.update_glow,FUN_23e2fd260,,,_DAT_23eeac670,,True
ui.main_window,MainWindow.__init__,FUN_23e2ff8a0,,,_DAT_23eeac680,,True
ui.main_window,MainWindow.init_ui,FUN_23e3069f0,,,_DAT_23eeac698,,True
ui.telegram_tab,TelegramTab.__init__,FUN_23e317480,34,1,_DAT_23eeb4cd0,,True
ui.telegram_tab,TelegramTab.init_ui,FUN_23e31de70,191,1,_DAT_23eeb4ca8,,True
ui.telegram_tab,TelegramTab.load_settings,FUN_23e31e5e0,197,1,_DAT_23eeb4c98,,True
ui.telegram_tab,TelegramTab.save_settings,FUN_23e31ece0,206,1,_DAT_23eeb4c88,,True
ui.telegram_tab,TelegramTab.auto_start_enabled,FUN_23e31f490,213,1,_DAT_23eeb4c78,,True
ui.telegram_tab,TelegramTab.toggle_bot,FUN_23e31fa60,220,1,_DAT_23eeb4c68,,True
ui.telegram_tab,TelegramTab.start_bot,FUN_23e322240,264,1,_DAT_23eeb4c48,,True
ui.telegram_tab,TelegramTab.stop_bot,FUN_23e322ae0,275,2,_DAT_23eeb4c38,,True
ui.telegram_tab,TelegramTab.log,FUN_23e322f50,279,2,_DAT_23eeb4c28,,True
ui.telegram_tab,TelegramTab.closeEvent,LAB_23e316a60,,,uVar8,,True
workers.fishing.casting_a_fishing_rod,WindowCapture.__init__,LAB_23e6f0c70,26,2,DAT_23eedb260,,True
workers.fishing.casting_a_fishing_rod,WindowCapture.find_window_by_process,FUN_23e6f1140,30,uVar9,_DAT_23eedb250,,True
workers.fishing.casting_a_fishing_rod,WindowCapture.get_window_size,FUN_23e6f2f80,56,uVar21,_DAT_23eedb220,,True
workers.fishing.casting_a_fishing_rod,WindowCapture.capture,FUN_23e6f3c90,64,uVar9,_DAT_23eedb210,,True
workers.fishing.casting_a_fishing_rod,GreenPixelMonitor.__init__,FUN_23e6f69a0,127,2,_DAT_23eedb1f8,,True
workers.fishing.casting_a_fishing_rod,GreenPixelMonitor._count_green,FUN_23e6f76a0,148,6,_DAT_23eedb1e8,,True
workers.fishing.casting_a_fishing_rod,GreenPixelMonitor._find_tight_bbox,FUN_23e6f84f0,155,2,DAT_23eedb1d8,,True
workers.fishing.casting_a_fishing_rod,GreenPixelMonitor.check_and_act,FUN_23e6f9e00,172,uVar9,DAT_23eedb1c8,,True
workers.fishing.casting_a_fishing_rod,GreenPixelMonitor.count_green_pixels,FUN_23e6fd930,232,uVar9,_DAT_23eedb1b8,,True
workers.fishing.casting_a_fishing_rod,,FUN_23e6fe010,236,uVar9,_DAT_23eedb1a8,,True
workers.fishing.casting_a_fishing_rod,,FUN_23e6fed40,250,uVar21&0xffffffff00000000,_DAT_23eedb198,,True
workers.fishing.fish_recognition,WindowCapture.__init__,FUN_23e70a5b0,31,2,DAT_23eedb140,,True
workers.fishing.fish_recognition,WindowCapture.find_window_by_process,FUN_23e70aa80,35,uVar8,DAT_23eedb130,,True
workers.fishing.fish_recognition,WindowCapture.get_window_size,FUN_23e70c8c0,61,uVar8,_DAT_23eedb100,,True
workers.fishing.fish_recognition,WindowCapture.capture,FUN_23e70d5d0,69,uVar8,_DAT_23eedb0f0,,True
workers.fishing.fish_recognition,FishRecognition.__init__,FUN_23e7105f0,111,1,_DAT_23eedb0d8,,True
workers.fishing.fish_recognition,FishRecognition.initialize,FUN_23e710eb0,119,uVar8,_DAT_23eedb0b8,,True
workers.fishing.fish_recognition,FishRecognition.load_templates,FUN_23e7127f0,154,uVar22,_DAT_23eedb098,,True
workers.fishing.fish_recognition,FishRecognition.find_template,FUN_23e714780,184,uVar8,uVar2,,True
workers.fishing.fish_recognition,FishRecognition.recognize_fish,FUN_23e716990,218,2,_DAT_23eedb070,,True
workers.fishing.fish_recognition,FishRecognition.recognize_once,FUN_23e718390,238,1,DAT_23eedb060,,True
workers.fishing.fish_recognition,FishRecognition.run,FUN_23e719590,262,1,DAT_23eedb050,,True
workers.fishing.fish_recognition,,FUN_23e71acf0,286,uVar22&0xffffffff00000000,DAT_23eedb040,,True
workers.fishing.fishing_bot,FishingBot,FUN_23e71f6d0,,,,FishingBot,True
workers.fishing.fishing_bot,FishingBot.__init__,FUN_23e71fc80,,,,FishingBot.__init__,True
workers.fishing.fishing_bot,FishingBot.reload_settings,FUN_23e723410,,,,FishingBot.reload_settings,True
workers.fishing.fishing_bot,FishingBot.start,FUN_23e723fb0,,,,FishingBot.start,True
workers.fishing.fishing_bot,FishingBot.stop,FUN_23e725c90,,,,FishingBot.stop,True
workers.fishing.fishing_bot,FishingBot._monitor_loop,FUN_23e726bf0,,,,FishingBot._monitor_loop,True
workers.fishing.fishing_bot,FishingBot._get_triggers,FUN_23e7280f0,,,,FishingBot._get_triggers,True
workers.fishing.fishing_bot,FishingBot._is_trigger_active,FUN_23e7491b0,,,,FishingBot._is_trigger_active,True
workers.fishing.fishing_bot,FishingBot._brain_loop,FUN_23e749a20,,,,FishingBot._brain_loop,True
workers.fishing.fishing_bot,FishingBot._run_casting_module,FUN_23e74bd70,,,,FishingBot._run_casting_module,True
workers.fishing.fishing_bot,FishingBot._run_hooking_module,FUN_23e750d60,,,,FishingBot._run_hooking_module,True
workers.fishing.fishing_bot,FishingBot._run_reeling_module,FUN_23e7528d0,,,,FishingBot._run_reeling_module,True
workers.fishing.fishing_bot,FishingBot._do_casting,FUN_23e754cd0,,,,FishingBot._do_casting,True
workers.fishing.fishing_bot,FishingBot._do_hooking,FUN_23e7582c0,,,,FishingBot._do_hooking,True
workers.fishing.fishing_bot,FishingBot._do_fish_catch,FUN_23e75b480,,,,FishingBot._do_fish_catch,True
workers.fishing.fishing_bot,FishingBot._handle_pending_tasks,FUN_23e75c120,,,,FishingBot._handle_pending_tasks,True
workers.fishing.fishing_bot,FishingBot._do_combined_inventory_tasks,FUN_23e75d510,,,,FishingBot._do_combined_inventory_tasks,True
workers.fishing.fishing_bot,FishingBot._do_meal_actions,FUN_23e75dc10,,,,FishingBot._do_meal_actions,True
workers.fishing.fishing_bot,FishingBot._do_backpack_actions,FUN_23e7610e0,,,,FishingBot._do_backpack_actions,True
workers.fishing.fishing_bot,FishingBot._do_meal_routine,FUN_23e764e30,,,,FishingBot._do_meal_routine,True
workers.fishing.fishing_bot,FishingBot._do_store_backpack_routine,FUN_23e769800,,,,FishingBot._do_store_backpack_routine,True
workers.fishing.fishing_bot,FishingBot._do_garbage,FUN_23e769f00,,,,FishingBot._do_garbage,True
workers.fishing.fishing_bot,FishingBot._do_change_bait,FUN_23e76e6f0,,,,FishingBot._do_change_bait,True
workers.fishing.fishing_bot,FishingBot._do_store_trunk,FUN_23e76edf0,,,,FishingBot._do_store_trunk,True
workers.fishing.fishing_bot,FishingBot._do_exit_fishing_on_pereves,FUN_23e7724a0,,,,FishingBot._do_exit_fishing_on_pereves,True
workers.fishing.fishing_bot,FishingBot._wait_for_start_phase,FUN_23e773110,,,,FishingBot._wait_for_start_phase,True
workers.fishing.fishing_bot,FishingBot._exit_fishing,FUN_23e778710,,,,FishingBot._exit_fishing,True
workers.fishing.fishing_bot,FishingBot._open_inventory,FUN_23e7790f0,,,,FishingBot._open_inventory,True
workers.fishing.fishing_bot,FishingBot._return_to_fishing,FUN_23e779790,,,,FishingBot._return_to_fishing,True
workers.fishing.fishing_bot,FishingBot._try_recover,FUN_23e779ca0,,,,FishingBot._try_recover,True
workers.fishing.fishing_bot,FishingBot._sleep,FUN_23e77a2d0,,,,FishingBot._sleep,True
workers.fishing.fishing_bot,FishingBot._load_fish_names,FUN_23e77ae10,,,,FishingBot._load_fish_names,True
workers.fishing.fishing_bot,FishingBot._get_fish_name_ru,FUN_23e77e4b0,,,,FishingBot._get_fish_name_ru,True
workers.fishing.fishing_bot,FishingBot._log,FUN_23e77e960,,,,FishingBot._log,True
workers.fishing.fishing_bot,FishingBot._capture_screenshot_bytes,FUN_23e77f390,,,,FishingBot._capture_screenshot_bytes,True
workers.fishing.garbage_disposal,WindowCapture.__init__,FUN_23e78a760,34,2,DAT_23eedacf0,,True
workers.fishing.garbage_disposal,WindowCapture.find_window_by_process,FUN_23e78ac30,38,uVar9,DAT_23eedace0,,True
workers.fishing.garbage_disposal,WindowCapture.get_window_size,FUN_23e78ca70,64,uVar9,DAT_23eedacb0,,True
workers.fishing.garbage_disposal,WindowCapture.capture,FUN_23e78d780,72,uVar9,DAT_23eedaca0,,True
workers.fishing.garbage_disposal,WindowCapture.click_at,FUN_23e7907a0,110,uVar9,DAT_23eedac88,,True
workers.fishing.garbage_disposal,GarbageDisposal.__init__,FUN_23e793050,156,1,DAT_23eedac78,,True
workers.fishing.garbage_disposal,GarbageDisposal.initialize,FUN_23e793a60,180,uVar9,DAT_23eedac58,,True
workers.fishing.garbage_disposal,GarbageDisposal.load_templates,FUN_23e795020,212,uVar22,DAT_23eedac38,,True
workers.fishing.garbage_disposal,GarbageDisposal.find_template,FUN_23e7974c0,251,uVar9,uVar2,,True
workers.fishing.garbage_disposal,GarbageDisposal.find_all_template_matches,FUN_23e7996c0,285,uVar9,uVar2,,True
workers.fishing.garbage_disposal,GarbageDisposal.remove_overlapping_matches,FUN_23e79c1b0,326,4,DAT_23eedac08,,True
workers.fishing.garbage_disposal,GarbageDisposal.find_all_garbage,FUN_23e7c8c60,356,uVar9,DAT_23eedabe8,,True
workers.fishing.garbage_disposal,GarbageDisposal.dispose_garbage_by_position,FUN_23e79f360,399,uVar9,DAT_23eedabd8,,True
workers.fishing.garbage_disposal,GarbageDisposal.run,FUN_23e7a1d20,443,1,DAT_23eedabc8,,True
workers.fishing.garbage_disposal,,FUN_23e7a6340,501,uVar22&0xffffffff00000000,uVar9,,True
workers.fishing.hooking,red.png,FUN_23e7a9c40,45,2,DAT_23eedab70,,True
workers.fishing.hooking,red_2k.png,FUN_23e7aa110,49,uVar9,DAT_23eedab60,,True
workers.fishing.hooking,bubles.png,FUN_23e7abf50,75,uVar9,_DAT_23eedab30,,True
workers.fishing.hooking,bubles_2k.png,FUN_23e7acc60,83,uVar9,_DAT_23eedab20,,True
workers.fishing.hooking,WindowCapture.__init__,FUN_23e7af970,124,4,_DAT_23eedab08,,True
workers.fishing.hooking,WindowCapture.find_window_by_process,FUN_23e7b0240,142,uVar23,_DAT_23eedaaf8,,True
workers.fishing.hooking,WindowCapture.get_window_size,FUN_23e7b22d0,167,4,_DAT_23eedaac8,,True
workers.fishing.hooking,WindowCapture.capture,FUN_23e7b4360,194,uVar9,_DAT_23eedaab8,,True
workers.fishing.hooking,TemplateMonitor.__init__,FUN_23e7b6580,232,uVar9,_DAT_23eedaaa8,,True
workers.fishing.hooking,TemplateMonitor.load_templates,FUN_23e7b73b0,246,uVar23&0xffffffff00000000,_DAT_23eedaa98,,True
workers.fishing.meal_system,WindowCapture.__init__,FUN_23e7c3620,43,2,_DAT_23eed7938,,True
workers.fishing.meal_system,WindowCapture.find_window_by_process,FUN_23e7ccb30,47,uVar8,_DAT_23eeded78,,True
workers.fishing.meal_system,WindowCapture.get_window_size,FUN_23e7ce9d0,73,uVar8,_DAT_23eeded48,,True
workers.fishing.meal_system,WindowCapture.capture,FUN_23e86c4b0,81,uVar8,_DAT_23eeded38,,True
workers.fishing.meal_system,WindowCapture.double_click_at,FUN_23e7cf6d0,119,uVar8,_DAT_23eeded20,,True
workers.fishing.meal_system,MealSystem.__init__,FUN_23e7d2360,165,1,_DAT_23eeded08,,True
workers.fishing.meal_system,MealSystem.initialize,FUN_23e7d2ce0,174,uVar8,_DAT_23eedece8,,True
workers.fishing.meal_system,MealSystem.load_templates,FUN_23e7d48b0,210,uVar22,_DAT_23eedeca8,,True
workers.fishing.meal_system,MealSystem.find_template,FUN_23e871880,285,uVar8,_DAT_23eedec80,,True
workers.fishing.meal_system,MealSystem.check_food_full,FUN_23e8721f0,292,uVar8,_DAT_23eedec70,,True
workers.fishing.meal_system,MealSystem.check_thirst_full,FUN_23e872b60,299,uVar8,_DAT_23eedec60,,True
workers.fishing.meal_system,MealSystem.find_item_in_inventory,FUN_23e7d6e30,308,uVar8,_DAT_23eedec50,,True
workers.fishing.meal_system,MealSystem.consume_item,FUN_23e7d7fc0,321,uVar8,_DAT_23eedec40,,True
workers.fishing.meal_system,MealSystem.consume_irp,FUN_23e7d9190,341,uVar8,DAT_23eedec30,,True
workers.fishing.meal_system,MealSystem.consume_donuts_until_full,FUN_23e7db3b0,375,uVar8,_DAT_23eedec20,,True
workers.fishing.meal_system,MealSystem.consume_cocktails_until_full,FUN_23e873160,409,1,_DAT_23eedec10,,True
workers.fishing.meal_system,MealSystem.run,FUN_23e7dd5d0,484,uVar22&0xffffffff00000000,_DAT_23eedec00,,True
workers.fishing.meal_system,,FUN_23e86f5e0,,,uVar2,,True
workers.fishing.memory_fish_reader,fish_names231.txt,FUN_23e7e1110,45,uVar27&0xffffffff00000000,_DAT_23eedebb8,,True
workers.fishing.memory_fish_reader,MemoryFishReader.__init__,FUN_23e7e24b0,58,1,_DAT_23eedeba8,,True
workers.fishing.memory_fish_reader,MemoryFishReader.start,FUN_23e876760,63,3,_DAT_23eedeb88,,True
workers.fishing.memory_fish_reader,MemoryFishReader.stop,FUN_23e7e2d00,71,1,_DAT_23eedeb80,,True
workers.fishing.memory_fish_reader,MemoryFishReader.wait_ready,FUN_23e7e6b30,99,uVar27,_DAT_23eedeb30,,True
workers.fishing.memory_fish_reader,MemoryFishReader.clear_pending,FUN_23e7eaea0,126,uVar27,DAT_23eedeb00,,True
workers.fishing.memory_fish_reader,MemoryFishReader.wait_catch,FUN_23e7ee8c0,165,uVar27,_DAT_23eedeae0,,True
workers.fishing.memory_fish_reader,MemoryFishReader._run,FUN_23e7ef2c0,175,1,_DAT_23eedeac8,,True
workers.fishing.memory_fish_reader,,FUN_23e7f0b40,194,1,_DAT_23eedeab8,,True
workers.fishing.memory_fish_reader,,FUN_23e7f1ee0,208,2,_DAT_23eedeaa8,,True
workers.fishing.memory_fish_reader,,FUN_23e7f2380,213,1,_DAT_23eedea98,,True
workers.fishing.memory_fish_reader,,FUN_23e7f3420,219,2,uVar4,,True
workers.fishing.memory_fish_reader,,FUN_23e7f5660,241,1,_DAT_23eedea78,,True
workers.fishing.memory_fish_reader,,FUN_23e7e4bc0,,,uVar9,,True
workers.fishing.memory_fish_reader,,FUN_23e7e8670,,,DAT_23eedeb18,,True
workers.fishing.memory_reeling,MemoryReelingTracker.__init__,FUN_23e7fea70,,,,MemoryReelingTracker.__init__,True
workers.fishing.memory_reeling,MemoryReelingTracker._log,FUN_23e7ffd30,,,,MemoryReelingTracker._log,True
workers.fishing.memory_reeling,MemoryReelingTracker.start,FUN_23e800240,,,,MemoryReelingTracker.start,True
workers.fishing.memory_reeling,MemoryReelingTracker.stop,FUN_23e801b80,,,,MemoryReelingTracker.stop,True
workers.fishing.memory_reeling,MemoryReelingTracker.step,FUN_23e8026b0,,,,MemoryReelingTracker.step,True
workers.fishing.memory_reeling,MemoryReelingTracker._hold_key,FUN_23e80a550,,,,MemoryReelingTracker._hold_key,True
workers.fishing.memory_reeling,MemoryReelingTracker._release_key,FUN_23e80ab40,,,,MemoryReelingTracker._release_key,True
workers.fishing.memory_reeling,MemoryReelingTracker._get_pid,FUN_23e80b5c0,,,,MemoryReelingTracker._get_pid,True
workers.fishing.memory_reeling,MemoryReelingTracker._read,FUN_23e80bb70,,,,MemoryReelingTracker._read,True
workers.fishing.memory_reeling,MemoryReelingTracker._u64,FUN_23e80c310,,,,MemoryReelingTracker._u64,True
workers.fishing.memory_reeling,MemoryReelingTracker._f32,FUN_23e80c8c0,,,,MemoryReelingTracker._f32,True
workers.fishing.memory_reeling,MemoryReelingTracker._i32,FUN_23e80db10,,,,MemoryReelingTracker._i32,True
workers.fishing.memory_reeling,MemoryReelingTracker._read_pos,FUN_23e80dff0,,,,MemoryReelingTracker._read_pos,True
workers.fishing.memory_reeling,MemoryReelingTracker._is_ptr,FUN_23e810950,,,,MemoryReelingTracker._is_ptr,True
workers.fishing.memory_reeling,MemoryReelingTracker._get_modules,FUN_23e8116a0,,,,MemoryReelingTracker._get_modules,True
workers.fishing.memory_reeling,MemoryReelingTracker._pattern_scan,FUN_23e812d00,,,,MemoryReelingTracker._pattern_scan,True
workers.fishing.memory_reeling,MemoryReelingTracker._find_cped,FUN_23e813650,,,,MemoryReelingTracker._find_cped,True
workers.fishing.memory_reeling,MemoryReelingTracker._find_replay_interface_global,FUN_23e8186f0,,,,MemoryReelingTracker._find_replay_interface_global,True
workers.fishing.memory_reeling,MemoryReelingTracker._read_entity_hash,FUN_23e818f10,,,,MemoryReelingTracker._read_entity_hash,True
workers.fishing.memory_reeling,MemoryReelingTracker._find_fish_addr_replay,FUN_23e81ccf0,,,,MemoryReelingTracker._find_fish_addr_replay,True
workers.fishing.memory_reeling,MemoryReelingTracker._read_player_right_vec,FUN_23e81da40,,,,MemoryReelingTracker._read_player_right_vec,True
workers.fishing.path_utils,icon.jpeg,FUN_23e825840,10,uVar19&0xffffffff00000000,DAT_23eede770,,True
workers.fishing.path_utils,,FUN_23e826c80,50,1,DAT_23eede748,,True
workers.fishing.path_utils,,FUN_23e827580,68,uVar19,DAT_23eede730,,True
workers.fishing.path_utils,,FUN_23e826850,,,DAT_23eede758,,True
workers.fishing.store_fish,remove.png,LAB_23e828a20,33,2,DAT_23eede700,,True
workers.fishing.store_fish,WindowCapture.__init__,FUN_23e828ef0,37,uVar8,DAT_23eede6f0,,True
workers.fishing.store_fish,WindowCapture.find_window_by_process,FUN_23e82ad30,63,uVar8,DAT_23eede6c0,,True
workers.fishing.store_fish,WindowCapture.get_window_size,FUN_23e887a60,71,uVar8,_DAT_23eede6b0,,True
workers.fishing.store_fish,WindowCapture.capture,FUN_23e82ba40,109,uVar8,_DAT_23eede698,,True
workers.fishing.store_fish,WindowCapture.click_at,FUN_23e82e4a0,155,1,_DAT_23eede688,,True
workers.fishing.store_fish,FishStorer.__init__,FUN_23e88aa80,163,uVar8,DAT_23eede668,,True
workers.fishing.store_fish,FishStorer.initialize,FUN_23e88c3c0,198,uVar22,_DAT_23eede648,,True
workers.fishing.store_fish,FishStorer.load_templates,FUN_23e88f040,243,uVar8,uVar2,,True
workers.fishing.store_fish,FishStorer.find_template,FUN_23e891f10,288,uVar8,_DAT_23eede620,,True
workers.fishing.store_fish,FishStorer.find_all_fish,FUN_23e893cf0,314,2,_DAT_23eede610,,True
workers.fishing.store_fish,FishStorer.store_fish_by_position,FUN_23e896660,362,1,_DAT_23eede5f0,,True
workers.fishing.store_fish,FishStorer.run,FUN_23e82edd0,422,uVar22&0xffffffff00000000,_DAT_23eede5e0,,True
workers.fishing.trigger_monitor,start.png,LAB_23e832330,48,2,DAT_23eede598,,True
workers.fishing.trigger_monitor,start1.png,FUN_23e832800,52,uVar8,_DAT_23eede588,,True
workers.fishing.trigger_monitor,start2.png,FUN_23e834640,78,uVar20,_DAT_23eede558,,True
workers.fishing.trigger_monitor,AD.png,FUN_23e89a0c0,86,uVar8,DAT_23eede548,,True
workers.fishing.trigger_monitor,changeBait.png,FUN_23e835350,127,3,_DAT_23eede530,,True
workers.fishing.trigger_monitor,gear.png,FUN_23e836bd0,158,1,_DAT_23eede4c8,,True
workers.fishing.trigger_monitor,WindowCapture.__init__,FUN_23e83a540,190,2,DAT_23eede4a8,,True
workers.fishing.trigger_monitor,WindowCapture.find_window_by_process,FUN_23e83b350,203,3,_DAT_23eede498,,True
workers.fishing.trigger_monitor,WindowCapture.get_window_size,FUN_23e89c9d0,220,3,_DAT_23eede488,,True
workers.fishing.trigger_monitor,WindowCapture.capture,FUN_23e89d670,229,uVar8,_DAT_23eede478,,True
workers.fishing.trigger_monitor,TriggerMonitor.__init__,FUN_23e89ec50,254,uVar8,_DAT_23eede468,,True
workers.fishing.trigger_monitor,TriggerMonitor._load_templates,FUN_23e8a0230,279,uVar8,_DAT_23eede458,,True
workers.fishing.trigger_monitor,TriggerMonitor._load_template,FUN_23e8a0eb0,294,uVar8,_DAT_23eede448,,True
workers.fishing.trigger_monitor,TriggerMonitor._match_template,FUN_23e8a2490,319,uVar8,_DAT_23eede438,,True
workers.fishing.trigger_monitor,TriggerMonitor._extract_roi,FUN_23e83c3f0,339,2,_DAT_23eede428,,True
workers.fishing.trigger_monitor,TriggerMonitor.check_region_needs,FUN_23e83d2f0,363,uVar8,_DAT_23eede418,,True
workers.fishing.trigger_monitor,TriggerMonitor.check_region_fishing_stages,FUN_23e8a3670,375,uVar8,_DAT_23eede408,,True
workers.fishing.trigger_monitor,TriggerMonitor.check_region_ad_buttons,FUN_23e83de30,418,uVar20&0xffffffff00000000,_DAT_23eede3f8,,True
workers.fishing.window_activator,WindowActivator.find_window_by_process,FUN_23e846e80,44,uVar22,uVar6,,True
workers.fishing.window_activator,WindowActivator.activate_window,FUN_23e848360,69,2,uVar6,,True
workers.fishing.window_activator,WindowActivator.force_activate_gta5,FUN_23e854310,249,uVar22&0xffffffff00000000,_DAT_23eede338,,True
workers.fishing.window_activator,,FUN_23e846e80,,,uVar6,,True
workers.fishing.window_activator,,FUN_23e848360,,,uVar6,,True
workers.fishing.window_activator,,FUN_23e854310,,,_DAT_23eede338,,True
workers.fishing.window_capture,WindowCapture.__init__,LAB_23e8566e0,20,2,DAT_23eede300,,True
workers.fishing.window_capture,WindowCapture.find_window_by_process,FUN_23e856d00,26,1,_DAT_23eede2f0,,True
workers.fishing.window_capture,WindowCapture.get_window_size,FUN_23e858b40,52,1,DAT_23eede2c0,,True
workers.fishing.window_capture,WindowCapture.capture,FUN_23e8a9110,59,1,DAT_23eede2b0,,True
workers.fishing.window_capture,WindowCapture._to_screen_coords,FUN_23e859850,96,3,DAT_23eede298,,True
workers.fishing.window_capture,WindowCapture.click_at,FUN_23e85a8f0,104,4,DAT_23eede288,,True
workers.fishing.window_capture,WindowCapture.double_click_at,FUN_23e85bc50,121,3,_DAT_23eede278,,True
workers.fishing.window_capture,WindowCapture.press_key,FUN_23e85cf40,137,2,_DAT_23eede268,,True
workers.fishing.window_capture,WindowCapture.key_down,FUN_23e85d480,142,2,_DAT_23eede258,,True
workers.fishing.window_capture,WindowCapture.key_up,FUN_23e85d9c0,147,2,_DAT_23eede248,,True
workers.fishing.window_capture,WindowCapture.release_all_keys,FUN_23e86bd20,152,1,_DAT_23eede238,,True
